{
  "slug": "tool-31-keepassx_2-create-new-entry",
  "type": "unit",
  "title": "Create a new entry",
  "parentTitle": "Manage your Passwords with KeepassX",
  "locale": "en",
  "categories": [],
  "updatedAt": "2017-10-06T14:56:27.520Z",
  "cards": [
    {
      "stack": "1-1-intro",
      "stack-index": "1",
      "stack-length": "1",
      "title": "Create new KeePassX entries",
      "unit": "2-create-new-entry",
      "images": [],
      "type": "card",
      "subtype": "intro",
      "category": [],
      "contents": "<p>Learn how to create new KeePassX entries.</p>"
    }
  ,
    {
      "stack": "1-2-takeaways",
      "stack-index": "1",
      "stack-length": "1",
      "title": "Learn how to",
      "unit": "2-create-new-entry",
      "images": [],
      "type": "card",
      "subtype": "takeaways",
      "category": [],
      "contents": "<ul>\n<li><a href=\"topics/tool-31-keepassx/2-create-new-entry/3-1-howto.md\">Create a new entry in your database</a></li>\n<li><a href=\"topics/tool-31-keepassx/2-create-new-entry/3-1-howto.md\">Edit an existing entry in your database</a></li>\n</ul>"
    }
  ,
    {
      "stack": "3-1-howto",
      "stack-index": "1",
      "stack-length": "7",
      "title": "Create a new entry",
      "unit": "2-create-new-entry",
      "images": [],
      "type": "howto",
      "subtype": "howto",
      "category": [],
      "contents": "<h1 id=\"step-1-select-new-entry\">Step 1. Select New Entry</h1>\n<p>In the KeePassX menu, select Entries, then Add New Entry. Or you can use the Add New Entry shortcut key combination: Command-Y."
    }
  ,
    {
      "stack": "3-1-howto",
      "stack-index": "2",
      "stack-length": "7",
      "title": "Create a new entry",
      "unit": "2-create-new-entry",
      "images": [],
      "type": "howto",
      "subtype": "howto",
      "category": [],
      "contents": "</p>\n<h1 id=\"step-2-name-your-new-entry\">Step 2. Name your new entry</h1>\n<p>You will be asked to create a title, username, URL, password, and confirm password. Be sure to create a strong password/"
    }
  ,
    {
      "stack": "3-1-howto",
      "stack-index": "3",
      "stack-length": "7",
      "title": "Create a new entry",
      "unit": "2-create-new-entry",
      "images": [],
      "type": "howto",
      "subtype": "howto",
      "category": [],
      "contents": "</p>\n<h1 id=\"step-3-compete-necessary-fields\">Step 3. Compete necessary fields</h1>\n<p>The Add Entry window presents you with a number of fields to be completed. None of these fields are mandatory; information submitted here is largely for your own convenience."
    }
  ,
    {
      "stack": "3-1-howto",
      "stack-index": "4",
      "stack-length": "7",
      "title": "Create a new entry",
      "unit": "2-create-new-entry",
      "images": [],
      "type": "howto",
      "subtype": "howto",
      "category": [],
      "contents": "</p>\n<h1 id=\"group-\">Group:</h1>\n<p>KeePassX lets you sort your passwords into pre-defined groups. For example: &#39;Internet&#39; would be a good place to store passwords that relate to website accounts. Click on the drop-down menu to choose a group."
    }
  ,
    {
      "stack": "3-1-howto",
      "stack-index": "5",
      "stack-length": "7",
      "title": "Create a new entry",
      "unit": "2-create-new-entry",
      "images": [],
      "type": "howto",
      "subtype": "howto",
      "category": [],
      "contents": "</p>\n<h1 id=\"icon-\">Icon:</h1>\n<p>The icon will be associated with this account entry. If you click on the icon button, you can see the icons available in the Icon Selection window. You also have the option to add a custom icon by clicking on the ’Add Custom Icon’ button in the bottom left of the Icon Selection window. To select one of the KeePassX icons available, click the Pick button in the bottom right of the window."
    }
  ,
    {
      "stack": "3-1-howto",
      "stack-index": "6",
      "stack-length": "7",
      "title": "Create a new entry",
      "unit": "2-create-new-entry",
      "images": [],
      "type": "howto",
      "subtype": "howto",
      "category": [],
      "contents": "</p>\n<h1 id=\"step-3-enter-account-information\">Step 3: Enter account information</h1>\n<p>Complete necessary fields"
    }
  ,
    {
      "stack": "3-1-howto",
      "stack-index": "7",
      "stack-length": "7",
      "title": "Create a new entry",
      "unit": "2-create-new-entry",
      "images": [],
      "type": "howto",
      "subtype": "howto",
      "category": [],
      "contents": "</p>\n<h1 id=\"step-4-save-your-changes\">Step 4: Save your changes</h1>\n<p>Click {OK} to save your changes to the Add Entry screen.</p>"
    }
  ,
    {
      "stack": "3-2-howto",
      "stack-index": "1",
      "stack-length": "9",
      "title": "Edit an existing entry",
      "unit": "2-create-new-entry",
      "images": [],
      "type": "howto",
      "subtype": "howto",
      "category": [],
      "contents": "<h1 id=\"step-1-select-internet-group\">Step 1. Select &#39;Internet&#39; group</h1>\n<p>Select the ’Internet’ Group in the database menu on the left side of the window to see the entries associated with it."
    }
  ,
    {
      "stack": "3-2-howto",
      "stack-index": "2",
      "stack-length": "9",
      "title": "Edit an existing entry",
      "unit": "2-create-new-entry",
      "images": [],
      "type": "howto",
      "subtype": "howto",
      "category": [],
      "contents": "</p>\n<h1 id=\"step-2-find-your-entry\">Step 2: Find your entry</h1>\n<p>In this example, we’ll use the Riseup account entry we created in Step 4.1 above. Within the ’Internet’ Group, Select the Riseup entry we created by clicking it within the list of entries inside the ’Internet’ Group."
    }
  ,
    {
      "stack": "3-2-howto",
      "stack-index": "3",
      "stack-length": "9",
      "title": "Edit an existing entry",
      "unit": "2-create-new-entry",
      "images": [],
      "type": "howto",
      "subtype": "howto",
      "category": [],
      "contents": "</p>\n<h1 id=\"step-3-open-your-entry\">Step 3. Open your entry</h1>\n<p>There are three ways to open up the entry in order to edit it."
    }
  ,
    {
      "stack": "3-2-howto",
      "stack-index": "4",
      "stack-length": "9",
      "title": "Edit an existing entry",
      "unit": "2-create-new-entry",
      "images": [],
      "type": "howto",
      "subtype": "howto",
      "category": [],
      "contents": "</p>\n<h1 id=\"option-1-right-click-on-entry\">Option 1. Right click on entry</h1>\n<p>You can ‘right click’ on the selected entry by holding down the Control key and clicking the entry, which activates a menu of options.Then scroll down and click on View/Edit Entry."
    }
  ,
    {
      "stack": "3-2-howto",
      "stack-index": "5",
      "stack-length": "9",
      "title": "Edit an existing entry",
      "unit": "2-create-new-entry",
      "images": [],
      "type": "howto",
      "subtype": "howto",
      "category": [],
      "contents": "</p>\n<h1 id=\"option-2-use-keepassx-menu\">Option 2. Use KeePassX menu</h1>\n<p>In the KeePassX menu, select Entries, then New Database."
    }
  ,
    {
      "stack": "3-2-howto",
      "stack-index": "6",
      "stack-length": "9",
      "title": "Edit an existing entry",
      "unit": "2-create-new-entry",
      "images": [],
      "type": "howto",
      "subtype": "howto",
      "category": [],
      "contents": "</p>\n<h1 id=\"option-3-use-a-shortcut\">Option 3. Use a shortcut</h1>\n<p>Use the View/Edit Entry shortcut key combination: Command-E."
    }
  ,
    {
      "stack": "3-2-howto",
      "stack-index": "7",
      "stack-length": "9",
      "title": "Edit an existing entry",
      "unit": "2-create-new-entry",
      "images": [],
      "type": "howto",
      "subtype": "howto",
      "category": [],
      "contents": "</p>\n<h1 id=\"step-4-edit-information\">Step 4. Edit information</h1>\n<p>With an open entry, you can add new information or edit any existing information, including the password. To save your changes, click {OK}."
    }
  ,
    {
      "stack": "3-2-howto",
      "stack-index": "8",
      "stack-length": "9",
      "title": "Edit an existing entry",
      "unit": "2-create-new-entry",
      "images": [],
      "type": "howto",
      "subtype": "howto",
      "category": [],
      "contents": "</p>\n<h1 id=\"update-information-elsewhere\">Update information elsewhere</h1>\n<p>Note: Remember that making changes to a KeePassX entry only updates that entry in your KeePassX database. It does not automatically update corresponding information elsewhere, such as a new password for an online account, or the same KeePassX entry in any copies or backups of your KeePassX database that you have saved elsewhere."
    }
  ,
    {
      "stack": "3-2-howto",
      "stack-index": "9",
      "stack-length": "9",
      "title": "Edit an existing entry",
      "unit": "2-create-new-entry",
      "images": [],
      "type": "howto",
      "subtype": "howto",
      "category": [],
      "contents": "</p>\n<h1 id=\"update-relevant-account-information\">Update relevant account information</h1>\n<p>Therefore, you will need to make any relevant updates to your account information, as well as new KeePassX database backups and copies seperately after editing your entry here.</p>"
    }
  ]
}
  