{
  "slug": "practice-1-emergencies_0-get-started",
  "type": "unit",
  "title": "Get Started",
  "parentTitle": "Deal with Emergencies",
  "locale": "en",
  "categories": [],
  "updatedAt": "2017-10-01T10:36:46.715Z",
  "cards": [
    {
      "stack": "1-1-intro",
      "stack-index": "1",
      "stack-length": "1",
      "title": "Get started",
      "unit": "0-get-started",
      "images": [ "unit.svg"],
      "type": "card",
      "subtype": "intro",
      "category": [],
      "contents": "<p>Learn how to recognise and deal with the most common types of digital threats.</p>"
    }
  ,
    {
      "stack": "1-2-takeaways",
      "stack-index": "1",
      "stack-length": "1",
      "title": "Learn how to",
      "unit": "0-get-started",
      "images": [],
      "type": "card",
      "subtype": "takeaways",
      "category": [],
      "contents": "<ul>\n<li><a href=\"topics/practice-1-emergencies/0-getting-started/3-1-learn.md\">Verify the problem</a></li>\n<li><a href=\"topics/practice-1-emergencies/0-getting-started/3-2-learn.md\">Find the right lesson for you</a></li>\n<li>Or swipe to continue...</li>\n</ul>"
    }
  ,
    {
      "stack": "2-scenario",
      "stack-index": "1",
      "stack-length": "2",
      "title": "A suspicious email...",
      "unit": "0-get-started",
      "images": [ "scenario1.svg", "scenario2.svg"],
      "type": "card",
      "subtype": "scenario",
      "category": [],
      "contents": "<p>While working on a new story Brenda receives an email about suspicious activity on her account. She wants to find out if this is a real threat."
    }
  ,
    {
      "stack": "2-scenario",
      "stack-index": "2",
      "stack-length": "2",
      "title": "A suspicious email...",
      "unit": "0-get-started",
      "images": [ "scenario1.svg", "scenario2.svg"],
      "type": "card",
      "subtype": "scenario",
      "category": [],
      "contents": "It seems that the email is related to her social media account. She needs to act quickly before the problem gets worse.</p>"
    }
  ,
    {
      "stack": "3-1-learn",
      "stack-index": "1",
      "stack-length": "4",
      "title": "Verify if the problem is real",
      "unit": "0-get-started",
      "images": [ "recap1.svg"],
      "type": "card",
      "subtype": "learn",
      "category": [],
      "contents": "<h1 id=\"assess-the-situation\">Assess the situation</h1>\n<p>You might want to seek help, but assessing the situation first can help you fix the problem on your own or be more prepared when you reach out for help."
    }
  ,
    {
      "stack": "3-1-learn",
      "stack-index": "2",
      "stack-length": "4",
      "title": "Verify if the problem is real",
      "unit": "0-get-started",
      "images": [ "recap1.svg"],
      "type": "card",
      "subtype": "learn",
      "category": [],
      "contents": "</p>\n<h1 id=\"where-is-the-information-from-\">Where is the information from?</h1>\n<p>Make sure you verify where the information is coming from. Was it via email? Did you see an error message on a website? Has someone told you about the problem?"
    }
  ,
    {
      "stack": "3-1-learn",
      "stack-index": "3",
      "stack-length": "4",
      "title": "Verify if the problem is real",
      "unit": "0-get-started",
      "images": [ "recap1.svg"],
      "type": "card",
      "subtype": "learn",
      "category": [],
      "contents": "</p>\n<h1 id=\"do-you-trust-the-source-\">Do you trust the source?</h1>\n<p>Verify that the information is coming from a source you trust: do you recognise the email address, or the website address? Fake emails could be sent to mislead you into giving information about your accounts."
    }
  ,
    {
      "stack": "3-1-learn",
      "stack-index": "4",
      "stack-length": "4",
      "title": "Verify if the problem is real",
      "unit": "0-get-started",
      "images": [ "recap1.svg"],
      "type": "card",
      "subtype": "learn",
      "category": [],
      "contents": "</p>\n<blockquote>\n<p>Remember to verify where the information is coming from!</p>\n</blockquote>"
    }
  ,
    {
      "stack": "3-2-learn",
      "stack-index": "1",
      "stack-length": "7",
      "title": "Choose the right lesson",
      "unit": "0-get-started",
      "images": [ "recap2.svg"],
      "type": "card",
      "subtype": "learn",
      "category": [],
      "contents": "<p>Seeking help lesson will explain how to contact a trained professional safely."
    }
  ,
    {
      "stack": "3-2-learn",
      "stack-index": "2",
      "stack-length": "7",
      "title": "Choose the right lesson",
      "unit": "0-get-started",
      "images": [ "recap2.svg"],
      "type": "card",
      "subtype": "learn",
      "category": [],
      "contents": "Are you locked out of your social media or email account? Seeing unusual activity?</p>\n<ul>\n<li>Choose the <a href=\"topics/practice-1-emergencies/2-account-hijacked\">Account Hijacked</a> lesson</li>\n<li>Or swipe to continue..."
    }
  ,
    {
      "stack": "3-2-learn",
      "stack-index": "3",
      "stack-length": "7",
      "title": "Choose the right lesson",
      "unit": "0-get-started",
      "images": [ "recap2.svg"],
      "type": "card",
      "subtype": "learn",
      "category": [],
      "contents": "Has your phone or laptop been taken from you? Maybe at a security checkpoint, or it was stolen/seized? Has it been returned?</li>\n<li>Choose the <a href=\"topics/practice-1-emergencies/3-seized-devices.md\">Seized Device</a> lesson</li>\n<li>Or swipe to continue..."
    }
  ,
    {
      "stack": "3-2-learn",
      "stack-index": "4",
      "stack-length": "7",
      "title": "Choose the right lesson",
      "unit": "0-get-started",
      "images": [ "recap2.svg"],
      "type": "card",
      "subtype": "learn",
      "category": [],
      "contents": "Have you opened an attachment that you think may have been malicious? Does your webcam LED turn on when you are not using the webcam? Have your accounts been compromised multiple times, even after you have changed the password?</li>\n<li>Choose the <a href=\"topics/practice-1-emergencies/4-malware.md\">Malware</a> lesson.</li>\n<li>Or swipe to continue..."
    }
  ,
    {
      "stack": "3-2-learn",
      "stack-index": "5",
      "stack-length": "7",
      "title": "Choose the right lesson",
      "unit": "0-get-started",
      "images": [ "recap2.svg"],
      "type": "card",
      "subtype": "learn",
      "category": [],
      "contents": "Is your website down? Has it been defaced?</li>\n<li>Choose the <a href=\"topics/practice-1-emergencies/5-web-attack.md\">Website under attack</a> lesson.</li>\n<li>Or swipe to continue..."
    }
  ,
    {
      "stack": "3-2-learn",
      "stack-index": "6",
      "stack-length": "7",
      "title": "Choose the right lesson",
      "unit": "0-get-started",
      "images": [ "recap2.svg"],
      "type": "card",
      "subtype": "learn",
      "category": [],
      "contents": "Have you just gotten through an emergency? Not sure what to do when the dust settles? Make sure to know how to prepare so you are ready for the next time.</li>\n<li>Choose the <a href=\"topics/practice-1-emergencies/6-after.md\">After an emergency</a> lesson</li>\n<li>Or swipe to continue..."
    }
  ,
    {
      "stack": "3-2-learn",
      "stack-index": "7",
      "stack-length": "7",
      "title": "Choose the right lesson",
      "unit": "0-get-started",
      "images": [ "recap2.svg"],
      "type": "card",
      "subtype": "learn",
      "category": [],
      "contents": "<blockquote>\n<p>You&#39;ve just learned the different lessons available for <strong>Dealing with emergencies</strong></p>\n</blockquote>\n</li>\n</ul>"
    }
  ,
    {
      "stack": "5-next",
      "stack-index": "1",
      "stack-length": "1",
      "title": "Next",
      "unit": "0-get-started",
      "images": [],
      "type": "card",
      "subtype": "next",
      "category": [],
      "contents": "<hr>\n<ul>\n<li>en/topics/understand-2-security/0-getting-started: Dig deeper on various aspects of security</li>\n<li>en/topics/understand-3-opsec/0-getting-started: Find out about what operational security or opsec means</li>\n<li>en/topics/understand-4-digisec/0-getting-started: Learn more about important concepts of digital security</li>\n</ul>\n<hr>\n<p>See also:</p>\n<ul>\n<li>Digital Defenders Partnership: <a href=\"https://www.digitaldefenders.org/digitalfirstaid/\">Digital First Aid Kit</a></li>\n<li>Tactical Technology Collective: <a href=\"https://securityinabox.org/en/\">Security in a Box</a></li>\n</ul>"
    }
  ]
}
  