{
  "slug": "practice-1-emergencies_6-after",
  "type": "unit",
  "title": "After an Emergency",
  "parentTitle": "Deal with Emergencies",
  "locale": "en",
  "categories": [],
  "updatedAt": "2017-10-01T09:36:24.519Z",
  "cards": [
    {
      "stack": "1-1-intro",
      "stack-index": "1",
      "stack-length": "1",
      "title": "After an emergency",
      "unit": "6-after",
      "images": [ "unit.svg"],
      "type": "card",
      "subtype": "intro",
      "category": [],
      "contents": "<p>Steps to take after an emergency has taken place.</p>"
    }
  ,
    {
      "stack": "1-2-takeaways",
      "stack-index": "1",
      "stack-length": "1",
      "title": "Learn how to",
      "unit": "6-after",
      "images": [],
      "type": "card",
      "subtype": "takeaways",
      "category": [],
      "contents": "<ul>\n<li><a href=\"topics/practice-1-emergencies/6-after/3-learn.md\">Re-evaluate your emergency and security plans</a></li>\n<li><a href=\"topics/practice-1-emergencies/6-after/3-1-learn.md\">Apply for emergency funds for journalists and human rights defenders</a></li>\n<li><a href=\"topics/practice-1-emergencies/6-after/3-2-learn.md\">Address traumatic stress after an emergency</a></li>\n</ul>"
    }
  ,
    {
      "stack": "2-scenario",
      "stack-index": "1",
      "stack-length": "2",
      "title": "Re-evaluating emergency plans",
      "unit": "6-after",
      "images": [ "scenario1.svg", "scenario2.svg"],
      "type": "card",
      "subtype": "scenario",
      "category": [],
      "contents": "<p>Isaac and Brenda had their office raided. They are in need of emergency funding to get their website running and new devices, and don&#39;t know who to ask."
    }
  ,
    {
      "stack": "2-scenario",
      "stack-index": "2",
      "stack-length": "2",
      "title": "Re-evaluating emergency plans",
      "unit": "6-after",
      "images": [ "scenario1.svg", "scenario2.svg"],
      "type": "card",
      "subtype": "scenario",
      "category": [],
      "contents": "Brenda suggests they re-evaluate their emergency and security procedures. If they don&#39;t, she fears they might have the same problems again.</p>"
    }
  ,
    {
      "stack": "3-1-learn",
      "stack-index": "1",
      "stack-length": "4",
      "title": "Revising emergency plans",
      "unit": "6-after",
      "images": [ "recap1.svg"],
      "type": "card",
      "subtype": "learn",
      "category": [],
      "contents": "<h1 id=\"what-worked-and-what-didn-t-\">What worked and what didn&#39;t?</h1>\n<p>Now is a good time to go back to your emergency and security plans to see what worked and what did not."
    }
  ,
    {
      "stack": "3-1-learn",
      "stack-index": "2",
      "stack-length": "4",
      "title": "Revising emergency plans",
      "unit": "6-after",
      "images": [ "recap1.svg"],
      "type": "card",
      "subtype": "learn",
      "category": [],
      "contents": "</p>\n<h1 id=\"improving-organisational-procedures\">Improving organisational procedures</h1>\n<p>When necessary, this is a good time to try to improve your organisational procedures (e.g. procedures when on a mission or when organising a training)."
    }
  ,
    {
      "stack": "3-1-learn",
      "stack-index": "3",
      "stack-length": "4",
      "title": "Revising emergency plans",
      "unit": "6-after",
      "images": [ "recap1.svg"],
      "type": "card",
      "subtype": "learn",
      "category": [],
      "contents": "</p>\n<h1 id=\"remember-all-steps\">Remember all steps</h1>\n<p>Think about the best way to either respond or not to potential emergencies in all stages of an event or activity (e.g. in terms of preparation, implementation, and after an activity has ended)."
    }
  ,
    {
      "stack": "3-1-learn",
      "stack-index": "4",
      "stack-length": "4",
      "title": "Revising emergency plans",
      "unit": "6-after",
      "images": [ "recap1.svg"],
      "type": "card",
      "subtype": "learn",
      "category": [],
      "contents": "</p>\n<blockquote>\n<p>Improve the way you protect your files and sensitive information</p>\n</blockquote>"
    }
  ,
    {
      "stack": "3-2-learn",
      "stack-index": "1",
      "stack-length": "3",
      "title": "Emergency funding",
      "unit": "6-after",
      "images": [ "recap2.svg"],
      "type": "card",
      "subtype": "learn",
      "category": [],
      "contents": "<h1 id=\"reach-out-for-help\">Reach out for help</h1>\n<p>Some organisations offer funding to individuals or groups who have encountered an emergency as a result of their journalism or human rights work."
    }
  ,
    {
      "stack": "3-2-learn",
      "stack-index": "2",
      "stack-length": "3",
      "title": "Emergency funding",
      "unit": "6-after",
      "images": [ "recap2.svg"],
      "type": "card",
      "subtype": "learn",
      "category": [],
      "contents": "</p>\n<h1 id=\"funding-organisations\">Funding organisations</h1>\n<p>If you are in need of emergency funding, consider reaching out to <a href=\"https://www.frontlinedefenders.org/en\">Frontline Defenders</a>, <a href=\"https://www.digitaldefenders.org/\">Digital Defenders Partnership</a>, <a href=\"https://rsf.org/en\">Reporters without Borders</a>, the <a href=\"https://www.opentech.fund/\">Open Technology Fund</a>, or <a href=\"www.pen-international.org/\">Pen International</a>."
    }
  ,
    {
      "stack": "3-2-learn",
      "stack-index": "3",
      "stack-length": "3",
      "title": "Emergency funding",
      "unit": "6-after",
      "images": [ "recap2.svg"],
      "type": "card",
      "subtype": "learn",
      "category": [],
      "contents": "</p>\n<blockquote>\n<p>Funding can improve organisational security practices</p>\n</blockquote>"
    }
  ,
    {
      "stack": "3-3-learn",
      "stack-index": "1",
      "stack-length": "5",
      "title": "Traumatic stress",
      "unit": "6-after",
      "images": [ "recap3.svg"],
      "type": "card",
      "subtype": "learn",
      "category": [],
      "contents": "<h1 id=\"work-related-trauma\">Work related trauma</h1>\n<p>Journalists and human rights defenders do difficult and challenging work, and see a good deal of human misery. We may even be fearful for our lives at times."
    }
  ,
    {
      "stack": "3-3-learn",
      "stack-index": "2",
      "stack-length": "5",
      "title": "Traumatic stress",
      "unit": "6-after",
      "images": [ "recap3.svg"],
      "type": "card",
      "subtype": "learn",
      "category": [],
      "contents": "</p>\n<h1 id=\"recognising-trauma-symptoms\">Recognising trauma symptoms</h1>\n<p>It is therefore important to know how to react following a traumatic event, and how to recognise the symptoms of traumatic stress."
    }
  ,
    {
      "stack": "3-3-learn",
      "stack-index": "3",
      "stack-length": "5",
      "title": "Traumatic stress",
      "unit": "6-after",
      "images": [ "recap3.svg"],
      "type": "card",
      "subtype": "learn",
      "category": [],
      "contents": "</p>\n<h1 id=\"a-normal-reaction\">A normal reaction</h1>\n<p>Traumatic stress is a normal reaction to an abnormal situation. It&#39;s very possible that after an emergency, you or your colleagues may be suffering from traumatic stress."
    }
  ,
    {
      "stack": "3-3-learn",
      "stack-index": "4",
      "stack-length": "5",
      "title": "Traumatic stress",
      "unit": "6-after",
      "images": [ "recap3.svg"],
      "type": "card",
      "subtype": "learn",
      "category": [],
      "contents": "</p>\n<h1 id=\"learn-more\">Learn more</h1>\n<p>To learn about what traumatic stress is, how it affects you, and how to deal with it, refer to the Your Well-Being unit presented elsewhere in this tool."
    }
  ,
    {
      "stack": "3-3-learn",
      "stack-index": "5",
      "stack-length": "5",
      "title": "Traumatic stress",
      "unit": "6-after",
      "images": [ "recap3.svg"],
      "type": "card",
      "subtype": "learn",
      "category": [],
      "contents": "</p>\n<blockquote>\n<p>Stress after trauma is a normal reaction to an abnormal situation.</p>\n</blockquote>"
    }
  ,
    {
      "stack": "5-next",
      "stack-index": "1",
      "stack-length": "1",
      "title": "Next",
      "unit": "6-after",
      "images": [],
      "type": "card",
      "subtype": "next",
      "category": [],
      "contents": "<hr>\n<ul>\n<li>(en/topics/understand-2-security/2-your-well-being/3-3-learn.md): Dealing with a traumatic event</li>\n<li>(en/topics/understand-2-security/2-your-well-being/3-6-learn.md): Post-traumatic stress</li>\n<li>(en/topics/practice-2-planning/4-emergency-plan/1-1-intro.md): Making an emergency plan</li>\n</ul>\n<hr>\n<p>See also:</p>\n<ul>\n<li><a href=\"https://protectioninternational.org/publications-protection-manual-for-human-rights-defenders/\">Protection International: Protection Manual for Human Rights Defenders</a></li>\n</ul>"
    }
  ]
}
  