{
  "slug": "tool-31-keepassx_0-get-started",
  "type": "unit",
  "title": "Using KeePassX",
  "parentTitle": "Manage your Passwords with KeepassX",
  "locale": "en",
  "categories": [],
  "updatedAt": "2017-10-01T09:05:07.869Z",
  "cards": [
    {
      "stack": "1-1-intro",
      "stack-index": "1",
      "stack-length": "1",
      "title": "Get started with KeePassX",
      "unit": "0-get-started",
      "images": [],
      "type": "card",
      "subtype": "intro",
      "category": [],
      "contents": "<p>Learn how to use KeePassX for securely managing passwords for multiple accounts.</p>"
    }
  ,
    {
      "stack": "1-2-takeaways",
      "stack-index": "1",
      "stack-length": "1",
      "title": "Learn about how",
      "unit": "0-get-started",
      "images": [],
      "type": "card",
      "subtype": "takeaways",
      "category": [],
      "contents": "<ul>\n<li><a href=\"topics/tool-4-keepassx/0-getting-started/3-learn.md\">KeePassX can manage passphrases for multiple accounts</a></li>\n</ul>"
    }
  ,
    {
      "stack": "3-1-learn",
      "stack-index": "1",
      "stack-length": "3",
      "title": "Use KeepassX",
      "unit": "0-get-started",
      "images": [],
      "type": "card",
      "subtype": "learn",
      "category": [],
      "contents": "<h1 id=\"what-is-keepassx\">What is KeepassX</h1>\n<p>Password managers are considered to be the most secure way to use complex and varying passwords and still remember them. KeePassX is an open-source password manager, and once you&#39;ve set your master password, it creates and saves passwords for you."
    }
  ,
    {
      "stack": "3-1-learn",
      "stack-index": "2",
      "stack-length": "3",
      "title": "Use KeepassX",
      "unit": "0-get-started",
      "images": [],
      "type": "card",
      "subtype": "learn",
      "category": [],
      "contents": "</p>\n<h1 id=\"synchronising-password-databases\">Synchronising password databases</h1>\n<p>To enhance convenience, you can synchronise your password database - for example, by using a cloud service, so that you can access your passwords on various computers as well as your phone. That way, you&#39;ll have round the clock access to strong passwords."
    }
  ,
    {
      "stack": "3-1-learn",
      "stack-index": "3",
      "stack-length": "3",
      "title": "Use KeepassX",
      "unit": "0-get-started",
      "images": [],
      "type": "card",
      "subtype": "learn",
      "category": [],
      "contents": "</p>\n<h1 id=\"setting-up-keepassx\">Setting up KeePassX</h1>\n<p>Refer to the <a href=\"https://securityinabox.org/en/guide/keepassx/os-x\">guide</a> by Tactical Technology Collective which will assist you in downloading, installing, and using KeePassX.</p>"
    }
  ,
    {
      "stack": "5-next",
      "stack-index": "1",
      "stack-length": "1",
      "title": "Next",
      "unit": "0-get-started",
      "images": [],
      "type": "card",
      "subtype": "next",
      "category": [],
      "contents": "<hr>\n<ul>\n<li>(en/topics/understand-4-digisec/2-passwords/1-1-intro.md): Learn how to create strong passphrases</li>\n<li>(en/topics/understand-2-security/1-your-security/1-1-intro.md): Understanding your security</li>\n<li>(en/topics/understand-4-digisec/0-getting-started/1-1-intro.md): Digital security basics</li>\n</ul>\n<hr>\n<p>See also:</p>\n<ul>\n<li>Tactical Technology Collective: <a href=\"https://securityinabox.org/en/guide/keepassx/os-x\">Security in a Box</a></li>\n</ul>"
    }
  ]
}
  