{
  "slug": "tool-11-signal_2-voice",
  "type": "unit",
  "title": "How to have voice calls?",
  "parentTitle": "Communication with Signal",
  "locale": "en",
  "categories": [
       "platform:android"
      , "platform:android"
      , "protect:content"
      , "protect:content"],
  "updatedAt": "2017-10-07T16:33:01.504Z",
  "cards": [
    {
      "stack": "1-1-intro",
      "stack-index": "1",
      "stack-length": "1",
      "title": "Make voice calls",
      "unit": "2-voice",
      "images": [],
      "type": "card",
      "subtype": "intro",
      "category": [],
      "contents": "<ul>\n<li><strong>Learn how to make and take a call using Signal</strong></li>\n</ul>"
    }
  ,
    {
      "stack": "1-2-takeaways",
      "stack-index": "1",
      "stack-length": "1",
      "title": "Learn how to",
      "unit": "2-voice",
      "images": [],
      "type": "card",
      "subtype": "takeaways",
      "category": [],
      "contents": "<ul>\n<li><strong>Make a call with Signal</strong></li>\n<li><strong>Take a call with Signal</strong></li>\n</ul>"
    }
  ,
    {
      "stack": "3-1-howto-android-content",
      "stack-index": "1",
      "stack-length": "4",
      "title": "Make a call",
      "unit": "2-voice",
      "images": [],
      "type": "howto",
      "subtype": "howto",
      "category": [
           "platform:android"
          , "protect:content"],
      "contents": "<h1 id=\"tap-on-a-contact\">Tap on a contact</h1>\n<p>Tap on a contact. If they have Signal there will be a padlock on the top right of the screen."
    }
  ,
    {
      "stack": "3-1-howto-android-content",
      "stack-index": "2",
      "stack-length": "4",
      "title": "Make a call",
      "unit": "2-voice",
      "images": [],
      "type": "howto",
      "subtype": "howto",
      "category": [
           "platform:android"
          , "protect:content"],
      "contents": "</p>\n<h1 id=\"call-your-contact-\">Call your contact.</h1>\n<p>When your contact answers you&#39;ll see two words."
    }
  ,
    {
      "stack": "3-1-howto-android-content",
      "stack-index": "3",
      "stack-length": "4",
      "title": "Make a call",
      "unit": "2-voice",
      "images": [],
      "type": "howto",
      "subtype": "howto",
      "category": [
           "platform:android"
          , "protect:content"],
      "contents": "</p>\n<h1 id=\"verify-caller-s-identity\">Verify caller&#39;s identity</h1>\n<p>Say one word to your friend and ask them to say the other word. This makes sure you are both who you say you are."
    }
  ,
    {
      "stack": "3-1-howto-android-content",
      "stack-index": "4",
      "stack-length": "4",
      "title": "Make a call",
      "unit": "2-voice",
      "images": [],
      "type": "howto",
      "subtype": "howto",
      "category": [
           "platform:android"
          , "protect:content"],
      "contents": "<img src=\"signal-and-en-v02-020.png\" alt=\"\"></p>"
    }
  ,
    {
      "stack": "3-2-howto-android-content",
      "stack-index": "1",
      "stack-length": "4",
      "title": "Take a call",
      "unit": "2-voice",
      "images": [],
      "type": "howto",
      "subtype": "howto",
      "category": [
           "platform:android"
          , "protect:content"],
      "contents": "<h1 id=\"call-alert\">Call alert</h1>\n<p>When you get a signal call, you&#39;ll see on your screen &quot;SIGNAL CALL&quot;"
    }
  ,
    {
      "stack": "3-2-howto-android-content",
      "stack-index": "2",
      "stack-length": "4",
      "title": "Take a call",
      "unit": "2-voice",
      "images": [],
      "type": "howto",
      "subtype": "howto",
      "category": [
           "platform:android"
          , "protect:content"],
      "contents": "</p>\n<h1 id=\"caller-verification\">Caller verification</h1>\n<p>When you answer you&#39;ll see two words. Say one word to your friend and ask them to say the other world. This makes sure you are both who you say you are."
    }
  ,
    {
      "stack": "3-2-howto-android-content",
      "stack-index": "3",
      "stack-length": "4",
      "title": "Take a call",
      "unit": "2-voice",
      "images": [],
      "type": "howto",
      "subtype": "howto",
      "category": [
           "platform:android"
          , "protect:content"],
      "contents": "<img src=\"signal-and-en-v02-022.png\" alt=\"\">"
    }
  ,
    {
      "stack": "3-2-howto-android-content",
      "stack-index": "4",
      "stack-length": "4",
      "title": "Take a call",
      "unit": "2-voice",
      "images": [],
      "type": "howto",
      "subtype": "howto",
      "category": [
           "platform:android"
          , "protect:content"],
      "contents": "This is the end of the lesson. Please click the Home button on your left to go back to the menu.</p>"
    }
  ]
}
  