{
  "slug": "tool-41-veracrypt_0-get-started",
  "type": "unit",
  "title": "Use Veracrypt",
  "parentTitle": "Use Veracrypt",
  "locale": "en",
  "categories": [],
  "updatedAt": "2017-10-01T12:52:36.054Z",
  "cards": [
    {
      "stack": "1-1-intro",
      "stack-index": "1",
      "stack-length": "1",
      "title": "Get started with Veracrypt",
      "unit": "0-get-started",
      "images": [],
      "type": "card",
      "subtype": "intro",
      "category": [],
      "contents": "<p>Learn to use Veracrypt, a tool to encrypt your data and prevent anyone who does not have your passphrase from accessing your information.</p>"
    }
  ,
    {
      "stack": "1-2-takeaways",
      "stack-index": "1",
      "stack-length": "1",
      "title": "Learn about",
      "unit": "0-get-started",
      "images": [],
      "type": "card",
      "subtype": "takeaways",
      "category": [],
      "contents": "<ul>\n<li><a href=\"topics/tool-5-veracrypt/0-getting-started/3-learn.md\">Veracrypt protects your files by encrypting them with a passphrase</a></li>\n</ul>"
    }
  ,
    {
      "stack": "3-learn",
      "stack-index": "1",
      "stack-length": "8",
      "title": "Know about VeraCrypt",
      "unit": "0-get-started",
      "images": [],
      "type": "card",
      "subtype": "learn",
      "category": [],
      "contents": "<h1 id=\"about-veracrypt\">About VeraCrypt</h1>\n<p>VeraCrypt works like an electronic safe in which you can securely store your files."
    }
  ,
    {
      "stack": "3-learn",
      "stack-index": "2",
      "stack-length": "8",
      "title": "Know about VeraCrypt",
      "unit": "0-get-started",
      "images": [],
      "type": "card",
      "subtype": "learn",
      "category": [],
      "contents": "</p>\n<h1 id=\"what-it-does\">What it does</h1>\n<p>It protects your files by encrypting them with a passphrase. It creates a protected area, called a volume, on your computer or external storage device."
    }
  ,
    {
      "stack": "3-learn",
      "stack-index": "3",
      "stack-length": "8",
      "title": "Know about VeraCrypt",
      "unit": "0-get-started",
      "images": [],
      "type": "card",
      "subtype": "learn",
      "category": [],
      "contents": "</p>\n<h1 id=\"how-it-works\">How it works</h1>\n<p>This entire volume lives inside a single file called a container, which you can open (or mount) and close (or dismount) using VeraCrypt. You can safely store your files inside this container."
    }
  ,
    {
      "stack": "3-learn",
      "stack-index": "4",
      "stack-length": "8",
      "title": "Know about VeraCrypt",
      "unit": "0-get-started",
      "images": [],
      "type": "card",
      "subtype": "learn",
      "category": [],
      "contents": "</p>\n<h1 id=\"on-the-fly-encryption\">On-the-fly encryption</h1>\n<p>VeraCrypt uses on-the-fly encryption to protect your data. On-the-fly encryption transparently encrypts files as they are being written to a volume and transparently decrypts them as they are being read."
    }
  ,
    {
      "stack": "3-learn",
      "stack-index": "5",
      "stack-length": "8",
      "title": "Know about VeraCrypt",
      "unit": "0-get-started",
      "images": [],
      "type": "card",
      "subtype": "learn",
      "category": [],
      "contents": "</p>\n<h1 id=\"copying-files-to-veracrypt\">Copying files to VeraCrypt</h1>\n<p>You can copy files to and from a VeraCrypt volume in the same way that you would copy them to and from a normal folder or USB storage device."
    }
  ,
    {
      "stack": "3-learn",
      "stack-index": "6",
      "stack-length": "8",
      "title": "Know about VeraCrypt",
      "unit": "0-get-started",
      "images": [],
      "type": "card",
      "subtype": "learn",
      "category": [],
      "contents": "</p>\n<h1 id=\"standard-and-hidden-volumes\">Standard and hidden volumes</h1>\n<p>VeraCrypt supports both standard encrypted volumes and hidden volumes. Either one will keep your files confidential, but hidden volumes allow you to hide your important information behind less sensitive data in order to protect it even if you are forced to reveal your VeraCrypt passphrase."
    }
  ,
    {
      "stack": "3-learn",
      "stack-index": "7",
      "stack-length": "8",
      "title": "Know about VeraCrypt",
      "unit": "0-get-started",
      "images": [],
      "type": "card",
      "subtype": "learn",
      "category": [],
      "contents": "</p>\n<h1 id=\"remember-your-password-\">Remember your password!</h1>\n<p>Remember, if you forget your passphrase, you will lose access to your data! There is no way to recover a lost passphrase. Also, keep in mind that the use of encryption is illegal in some jurisdictions."
    }
  ,
    {
      "stack": "3-learn",
      "stack-index": "8",
      "stack-length": "8",
      "title": "Know about VeraCrypt",
      "unit": "0-get-started",
      "images": [],
      "type": "card",
      "subtype": "learn",
      "category": [],
      "contents": "</p>\n<h1 id=\"installing-veracrypt\">Installing VeraCrypt</h1>\n<p>For detailed instructions on installing and using VeraCrypt, Tactical Technology Collective put together <a href=\"https://securityinabox.org/en/guide/veracrypt-new/windows\">a helpful guide</a>.</p>"
    }
  ,
    {
      "stack": "5-next",
      "stack-index": "1",
      "stack-length": "1",
      "title": "Next",
      "unit": "0-get-started",
      "images": [],
      "type": "card",
      "subtype": "next",
      "category": [],
      "contents": "<hr>\n<ul>\n<li>(en/topics/understand-4-digisec/2-passwords/1-1-intro.md): Learn how to create strong passphrases</li>\n<li>(en/topics/understand-2-security/1-your-security/1-1-intro.md): Understanding your security</li>\n<li>(en/topics/understand-4-digisec/0-getting-started/1-1-intro.md): Digital security basics</li>\n</ul>\n<hr>\n<p>See also:</p>\n<ul>\n<li>Tactical Technology Collective: <a href=\"https://securityinabox.org/en/guide/veracrypt-new/windows\">Security in a Box</a></li>\n</ul>"
    }
  ]
}
  