{
  "slug": "practice-1-emergencies_1-seek-help",
  "type": "unit",
  "title": "Seek Remote Help",
  "parentTitle": "Deal with Emergencies",
  "locale": "en",
  "categories": [],
  "updatedAt": "2017-10-07T15:55:09.644Z",
  "cards": [
    {
      "stack": "1-1-intro",
      "stack-index": "1",
      "stack-length": "1",
      "title": "Seek help",
      "unit": "1-seek-help",
      "images": [ "unit.svg"],
      "type": "card",
      "subtype": "intro",
      "category": [],
      "contents": "<ul>\n<li><strong>Establish secure communications when reaching out for help</strong></li>\n</ul>"
    }
  ,
    {
      "stack": "1-2-takeaways",
      "stack-index": "1",
      "stack-length": "2",
      "title": "Learn how to",
      "unit": "1-seek-help",
      "images": [],
      "type": "card",
      "subtype": "takeaways",
      "category": [],
      "contents": "<ul>\n<li><strong>Identify unencrypted channels</strong></li>\n<li><strong>Identify which channels are encrypted</strong></li>\n<li>Or swipe to continue..."
    }
  ,
    {
      "stack": "1-2-takeaways",
      "stack-index": "2",
      "stack-length": "2",
      "title": "Learn how to",
      "unit": "1-seek-help",
      "images": [],
      "type": "card",
      "subtype": "takeaways",
      "category": [],
      "contents": "</li>\n<li><strong>Seek remote help</strong></li>\n<li><strong>Establish trust when reaching out</strong></li>\n<li><strong>Contact organisations for help</strong></li>\n<li>Or swipe to continue...</li>\n</ul>"
    }
  ,
    {
      "stack": "2-scenario",
      "stack-index": "1",
      "stack-length": "2",
      "title": "Scenario",
      "unit": "1-seek-help",
      "images": [ "scenario1.svg", "scenario2.svg"],
      "type": "card",
      "subtype": "scenario",
      "category": [],
      "contents": "<p>Isaac worries his computer might be hacked into. He wants to reach out to his friend Brenda who he thinks can advise her."
    }
  ,
    {
      "stack": "2-scenario",
      "stack-index": "2",
      "stack-length": "2",
      "title": "Scenario",
      "unit": "1-seek-help",
      "images": [ "scenario1.svg", "scenario2.svg"],
      "type": "card",
      "subtype": "scenario",
      "category": [],
      "contents": "</p>\n<p>But Isaac thinks that he might be at risk if he reveals too much about his situation, or worse, that he could put Brenda herself at risk if he doesn&#39;t use secure communications to reach out to her.</p>"
    }
  ,
    {
      "stack": "3-1-learn",
      "stack-index": "1",
      "stack-length": "4",
      "title": "Unencrypted channels",
      "unit": "1-seek-help",
      "images": [ "recap1.svg"],
      "type": "card",
      "subtype": "learn",
      "category": [],
      "contents": "<h1 id=\"normal-communications\">Normal communications</h1>\n<p>As a general rule, it is important to understand that most ‘normal’ communications tools are not very secure against eavesdropping."
    }
  ,
    {
      "stack": "3-1-learn",
      "stack-index": "2",
      "stack-length": "4",
      "title": "Unencrypted channels",
      "unit": "1-seek-help",
      "images": [ "recap1.svg"],
      "type": "card",
      "subtype": "learn",
      "category": [],
      "contents": "</p>\n<h1 id=\"eavesdropping-on-phone-calls\">Eavesdropping on phone calls</h1>\n<p>Unencrypted telephone conversation can be easily intercepted by adversaries with the necessary technical equipment."
    }
  ,
    {
      "stack": "3-1-learn",
      "stack-index": "3",
      "stack-length": "4",
      "title": "Unencrypted channels",
      "unit": "1-seek-help",
      "images": [ "recap1.svg"],
      "type": "card",
      "subtype": "learn",
      "category": [],
      "contents": "</p>\n<h1 id=\"sending-a-postcard\">Sending a postcard</h1>\n<p>Sending unencrypted communication is like sending a postcard, anyone who has access to the postcard can read the message."
    }
  ,
    {
      "stack": "3-1-learn",
      "stack-index": "4",
      "stack-length": "4",
      "title": "Unencrypted channels",
      "unit": "1-seek-help",
      "images": [ "recap1.svg"],
      "type": "card",
      "subtype": "learn",
      "category": [],
      "contents": "</p>\n<blockquote>\n<p>Normal communications are insecure against eavesdropping</p>\n</blockquote>"
    }
  ,
    {
      "stack": "3-2-learn",
      "stack-index": "1",
      "stack-length": "7",
      "title": "Encrypted channels",
      "unit": "1-seek-help",
      "images": [ "recap2.svg"],
      "type": "card",
      "subtype": "learn",
      "category": [],
      "contents": "<h1 id=\"secret-postcard\">Secret postcard</h1>\n<p>Sending encrypted communication is like placing the postcard inside a locked box, which only you and those you trust know the combination to and are able to open and read the message."
    }
  ,
    {
      "stack": "3-2-learn",
      "stack-index": "2",
      "stack-length": "7",
      "title": "Encrypted channels",
      "unit": "1-seek-help",
      "images": [ "recap2.svg"],
      "type": "card",
      "subtype": "learn",
      "category": [],
      "contents": "</p>\n<h1 id=\"choosing-the-right-channels\">Choosing the right channels</h1>\n<p>Secure communication is always a trade-off between security and convenience. Choosing the most appropriate form of secure communication will depend on your unique situation and the activities in which you are involved."
    }
  ,
    {
      "stack": "3-2-learn",
      "stack-index": "3",
      "stack-length": "7",
      "title": "Encrypted channels",
      "unit": "1-seek-help",
      "images": [ "recap2.svg"],
      "type": "card",
      "subtype": "learn",
      "category": [],
      "contents": "</p>\n<h1 id=\"end-to-end-encryption\">End-to-end encryption</h1>\n<p>A communication tool that provides end-to-end encryption is recommended. PGP-encrypted email, or chat with OTR or Signal on your phone encrypt messages &quot;all the way&quot; (between you and your recipient)."
    }
  ,
    {
      "stack": "3-2-learn",
      "stack-index": "4",
      "stack-length": "7",
      "title": "Encrypted channels",
      "unit": "1-seek-help",
      "images": [ "recap2.svg"],
      "type": "card",
      "subtype": "learn",
      "category": [],
      "contents": "</p>\n<h1 id=\"https-encryption\">HTTPS encryption</h1>\n<p>If an end-to-end encrypted tool is not available, use tools that encrypt message only between you and the provider. Such as Gmail, Facebook, or Twitter which all use HTTPS."
    }
  ,
    {
      "stack": "3-2-learn",
      "stack-index": "5",
      "stack-length": "7",
      "title": "Encrypted channels",
      "unit": "1-seek-help",
      "images": [ "recap2.svg"],
      "type": "card",
      "subtype": "learn",
      "category": [],
      "contents": "</p>\n<h1 id=\"use-the-best-available-channel\">Use the best available channel</h1>\n<p>This, in turn, is better than using unencrypted communications (such as your phone or text messages). Do the best that you can with the resources and skills available."
    }
  ,
    {
      "stack": "3-2-learn",
      "stack-index": "6",
      "stack-length": "7",
      "title": "Encrypted channels",
      "unit": "1-seek-help",
      "images": [ "recap2.svg"],
      "type": "card",
      "subtype": "learn",
      "category": [],
      "contents": "</p>\n<h1 id=\"communicating-safely\">Communicating safely</h1>\n<p>To learn more about communicating safely on a computer, refer to the <strong>Secure communications</strong> lesson.\nTo learn more about communicating safely on a smartphone, refer to the <strong>Safe Phones</strong> lesson."
    }
  ,
    {
      "stack": "3-2-learn",
      "stack-index": "7",
      "stack-length": "7",
      "title": "Encrypted channels",
      "unit": "1-seek-help",
      "images": [ "recap2.svg"],
      "type": "card",
      "subtype": "learn",
      "category": [],
      "contents": "</p>\n<blockquote>\n<p>Use encrypted channels when possible</p>\n</blockquote>"
    }
  ,
    {
      "stack": "3-3-learn",
      "stack-index": "1",
      "stack-length": "3",
      "title": "Dealing with insecure channels",
      "unit": "1-seek-help",
      "images": [],
      "type": "card",
      "subtype": "learn",
      "category": [],
      "contents": "<h1 id=\"reaching-out-for-help\">Reaching out for help</h1>\n<p>Start with the most secure form of communication you can manage and the person you reach out to may be able to help you establish a line of communications that is more secure, if necessary."
    }
  ,
    {
      "stack": "3-3-learn",
      "stack-index": "2",
      "stack-length": "3",
      "title": "Dealing with insecure channels",
      "unit": "1-seek-help",
      "images": [],
      "type": "card",
      "subtype": "learn",
      "category": [],
      "contents": "</p>\n<h1 id=\"be-careful-using-insecure-channels\">Be careful using insecure channels</h1>\n<p>In many cases, it is better to reach out for help insecurely than not to reach out for help at all. You might want to share only limited information or use code words when you know that the channel is insecure."
    }
  ,
    {
      "stack": "3-3-learn",
      "stack-index": "3",
      "stack-length": "3",
      "title": "Dealing with insecure channels",
      "unit": "1-seek-help",
      "images": [],
      "type": "card",
      "subtype": "learn",
      "category": [],
      "contents": "</p>\n<h1 id=\"use-alternate-devices\">Use alternate devices</h1>\n<p>If you believe that you cannot trust your computer or device you might want to find an alternate trustworthy device. You might also want to go to the <strong>Malware</strong> lesson.</p>"
    }
  ,
    {
      "stack": "3-4-learn",
      "stack-index": "1",
      "stack-length": "4",
      "title": "Establishing trust when reaching out",
      "unit": "1-seek-help",
      "images": [],
      "type": "card",
      "subtype": "learn",
      "category": [],
      "contents": "<h1 id=\"always-establish-trust\">Always establish trust</h1>\n<p>Whether you are helping someone remotely or seeking help from a third party, establishing trust is very important."
    }
  ,
    {
      "stack": "3-4-learn",
      "stack-index": "2",
      "stack-length": "4",
      "title": "Establishing trust when reaching out",
      "unit": "1-seek-help",
      "images": [],
      "type": "card",
      "subtype": "learn",
      "category": [],
      "contents": "</p>\n<h1 id=\"watch-out-for-bad-advice\">Watch out for bad advice</h1>\n<p>It might be safer to presume that an adversary may have access to all your account details as well as your communications when seeking help and might be attempting to provide specific, bad advice."
    }
  ,
    {
      "stack": "3-4-learn",
      "stack-index": "3",
      "stack-length": "4",
      "title": "Establishing trust when reaching out",
      "unit": "1-seek-help",
      "images": [],
      "type": "card",
      "subtype": "learn",
      "category": [],
      "contents": "</p>\n<h1 id=\"have-a-video-or-phone-call\">Have a video or phone call</h1>\n<p>If you know the party you&#39;re reaching out to, using a video call or a phone call will help establish that you&#39;re really in contact with them."
    }
  ,
    {
      "stack": "3-4-learn",
      "stack-index": "4",
      "stack-length": "4",
      "title": "Establishing trust when reaching out",
      "unit": "1-seek-help",
      "images": [],
      "type": "card",
      "subtype": "learn",
      "category": [],
      "contents": "</p>\n<h1 id=\"use-a-new-email-account\">Use a new email account</h1>\n<p>When you are initiating contact with third parties you might want to create a new email account from a trusted device. If possible, do not rely on unknown people you find online.</p>"
    }
  ,
    {
      "stack": "3-5-learn",
      "stack-index": "1",
      "stack-length": "5",
      "title": "Organisations you may reach out to",
      "unit": "1-seek-help",
      "images": [],
      "type": "card",
      "subtype": "learn",
      "category": [],
      "contents": "<h1 id=\"dealing-with-digital-emergencies-\">Dealing with digital emergencies:</h1>\n<ul>\n<li>Digital Security Helpline (access now): help@accessnow.org"
    }
  ,
    {
      "stack": "3-5-learn",
      "stack-index": "2",
      "stack-length": "5",
      "title": "Organisations you may reach out to",
      "unit": "1-seek-help",
      "images": [],
      "type": "card",
      "subtype": "learn",
      "category": [],
      "contents": "<h1 id=\"dealing-with-emergencies-within-the-first-24-hours-\">Dealing with emergencies within the first 24 hours:</h1>\n</li>\n<li><a href=\"http://www.frontlinedefenders.org\">Front Line Defenders</a></li>\n<li><a href=\"http://www.rorypecktrust.org\">Rory Peck Trust</a>"
    }
  ,
    {
      "stack": "3-5-learn",
      "stack-index": "3",
      "stack-length": "5",
      "title": "Organisations you may reach out to",
      "unit": "1-seek-help",
      "images": [],
      "type": "card",
      "subtype": "learn",
      "category": [],
      "contents": "<h1 id=\"dealing-with-emergencies-after-the-first-24-hours-\">Dealing with emergencies after the first 24 hours:</h1>\n</li>\n<li><a href=\"http://www.amnesty.org\">Amnesty International</a></li>\n<li><a href=\"http://www.cpj.org\">Committee to Protect Journalists</a></li>\n<li><a href=\"http://www.rsf.org\">Reporters Sans Frontieres</a>"
    }
  ,
    {
      "stack": "3-5-learn",
      "stack-index": "4",
      "stack-length": "5",
      "title": "Organisations you may reach out to",
      "unit": "1-seek-help",
      "images": [],
      "type": "card",
      "subtype": "learn",
      "category": [],
      "contents": "<h1 id=\"providing-digital-emergency-expertise-\">Providing digital emergency expertise:</h1>\n</li>\n<li><a href=\"http://www.tacticaltech.org\">Tactical Technology Collective</a></li>\n<li><a href=\"http://www.hivos.org\">Digital Defenders Partnership</a></li>\n<li><a href=\"http://www.internews.org\">Internews</a></li>\n<li><a href=\"http://www.eff.org\">Electronic Frontier Foundation</a>"
    }
  ,
    {
      "stack": "3-5-learn",
      "stack-index": "5",
      "stack-length": "5",
      "title": "Organisations you may reach out to",
      "unit": "1-seek-help",
      "images": [],
      "type": "card",
      "subtype": "learn",
      "category": [],
      "contents": "This is the end of the lesson. Please click the Home button on your left to go back to the menu.</li>\n</ul>"
    }
  ]
}
  