{
  "slug": "tool-22-tor-browser_1-connect-to-tor",
  "type": "unit",
  "title": "How to prevent your traffic from being watched",
  "parentTitle": "Browse Privately with Tor Browser",
  "locale": "en",
  "categories": [],
  "updatedAt": "2017-10-07T10:44:40.125Z",
  "cards": [
    {
      "stack": "1-1-intro",
      "stack-index": "1",
      "stack-length": "1",
      "title": "Connect to Tor",
      "unit": "1-connect-to-tor",
      "images": [],
      "type": "card",
      "subtype": "intro",
      "category": [],
      "contents": "<p>Learn to connect to the Tor network to browse safely or circumvent internet censorship.</p>"
    }
  ,
    {
      "stack": "1-2-takeaways",
      "stack-index": "1",
      "stack-length": "1",
      "title": "Learn how to",
      "unit": "1-connect-to-tor",
      "images": [],
      "type": "card",
      "subtype": "takeaways",
      "category": [],
      "contents": "<ul>\n<li><a href=\"topics/tool-9-tor-browser/1-connect-to-tor/3-learn.md\">Connect to the Tor network</a></li>\n</ul>"
    }
  ,
    {
      "stack": "3-learn",
      "stack-index": "1",
      "stack-length": "7",
      "title": "Connect to the Tor network",
      "unit": "1-connect-to-tor",
      "images": [],
      "type": "card",
      "subtype": "learn",
      "category": [],
      "contents": "<h1 id=\"for-the-first-time\">For the first time</h1>\n<p>The first time Tor Browser starts, you&#39;ll get a window that allows you to modify some settings if necessary. You might have to come back and change some configuration settings, but go ahead and try to connect to the Tor network by clicking the Connect button.</p>\n<p><img src=\"009e.png\" alt=\"\">"
    }
  ,
    {
      "stack": "3-learn",
      "stack-index": "2",
      "stack-length": "7",
      "title": "Connect to the Tor network",
      "unit": "1-connect-to-tor",
      "images": [],
      "type": "card",
      "subtype": "learn",
      "category": [],
      "contents": "</p>\n<h1 id=\"status-update\">Status update</h1>\n<p>A new window will open with a green bar that illustrates Tor Browser connecting to the Tor network.</p>\n<p><img src=\"010.png\" alt=\"\"></p>\n<p>"
    }
  ,
    {
      "stack": "3-learn",
      "stack-index": "3",
      "stack-length": "7",
      "title": "Connect to the Tor network",
      "unit": "1-connect-to-tor",
      "images": [],
      "type": "card",
      "subtype": "learn",
      "category": [],
      "contents": "</p>\n<h1 id=\"congratulations-\">Congratulations!</h1>\n<p>The first time Tor Browser starts it might take a bit longer than usual; but be patient, within a minute or two Tor Browser will open and congratulating you.</p>\n<p><img src=\"12.png\" alt=\"\"></p>\n<p>"
    }
  ,
    {
      "stack": "3-learn",
      "stack-index": "4",
      "stack-length": "7",
      "title": "Connect to the Tor network",
      "unit": "1-connect-to-tor",
      "images": [],
      "type": "card",
      "subtype": "learn",
      "category": [],
      "contents": "</p>\n<h1 id=\"review-settings\">Review settings</h1>\n<p>Click on the Tor Onion logo in the upper left of Tor Browser then the Privacy and Security Settings.</p>\n<p><img src=\"12e.png\" alt=\"\"></p>\n<p>"
    }
  ,
    {
      "stack": "3-learn",
      "stack-index": "5",
      "stack-length": "7",
      "title": "Connect to the Tor network",
      "unit": "1-connect-to-tor",
      "images": [],
      "type": "card",
      "subtype": "learn",
      "category": [],
      "contents": "</p>\n<h1 id=\"normal-web-browser-settings\">Normal web browser settings</h1>\n<p>Some features of a normal web browser can make you vulnerable to being intercepted by third parties (man-in-the-middle attacks). Other features have previously had bugs in them that revealed users&#39; identities."
    }
  ,
    {
      "stack": "3-learn",
      "stack-index": "6",
      "stack-length": "7",
      "title": "Connect to the Tor network",
      "unit": "1-connect-to-tor",
      "images": [],
      "type": "card",
      "subtype": "learn",
      "category": [],
      "contents": "</p>\n<h1 id=\"setting-security-slider\">Setting security slider</h1>\n<p>Turning the security slider to a high setting disables these features. This will make you safer from well-funded attackers who can interfere with your Internet connection or use new unknown bugs in these features."
    }
  ,
    {
      "stack": "3-learn",
      "stack-index": "7",
      "stack-length": "7",
      "title": "Connect to the Tor network",
      "unit": "1-connect-to-tor",
      "images": [],
      "type": "card",
      "subtype": "learn",
      "category": [],
      "contents": "</p>\n<h1 id=\"everyday-protection\">Everyday protection</h1>\n<p>Unfortunately, turning off these features can make some websites unusable. The default low setting is fine for everyday privacy protection, but you can set it to high if you are worried about sophisticated attackers, or if you don&#39;t mind if some websites do not display correctly.\n<img src=\"013e.png\" alt=\"\"></p>"
    }
  ]
}
  