{
  "slug": "tool-01-open-mentoring_0-getting-started",
  "type": "unit",
  "title": "Getting Started with the Open Mentoring App",
  "parentTitle": "Learn with Open Mentoring",
  "locale": "en",
  "categories": [
       "platform:android"
      , "platform:android"
      , "platform:android"
      , "protect:content,identity"
      , "protect:content"
      , "protect:identity"
      , "protect:content,identity"
      , "protect:content"],
  "updatedAt": "2017-10-01T09:05:07.869Z",
  "cards": [
    {
      "stack": "1-2-takeaways",
      "stack-index": "1",
      "stack-length": "1",
      "title": "Key takeaways",
      "unit": "0-getting-started",
      "images": [],
      "type": "card",
      "subtype": "takeaways",
      "category": [],
      "contents": "<h2 id=\"a-new-post\">A New Post</h2>\n<p>Enter text in <a href=\"http://daringfireball.net/projects/markdown/\">Markdown</a>. Use the toolbar above, or click the <strong>?</strong> button for formatting help.</p>"
    }
  ,
    {
      "stack": "1-intro",
      "stack-index": "1",
      "stack-length": "1",
      "title": "Introduction",
      "unit": "0-getting-started",
      "images": [],
      "type": "card",
      "subtype": "intro",
      "category": [],
      "contents": "<p>Introduction text...</p>"
    }
  ,
    {
      "stack": "2-scenario",
      "stack-index": "1",
      "stack-length": "1",
      "title": "Scenario",
      "unit": "0-getting-started",
      "images": [],
      "type": "card",
      "subtype": "scenario",
      "category": [
           "protect:content"
          , "protect:identity"],
      "contents": "<p>Mansour is an investigative journalist who wants to share the app with his source Magda who has a sensitive story about government corruption. She wants to enable Magda to communicate safely and share documents. He needs to be careful to share the app and its content in ways that doesn&#39;t allow to link them together to protect Magda as a source.</p>"
    }
  ,
    {
      "stack": "3-howto-android-content",
      "stack-index": "1",
      "stack-length": "1",
      "title": "How-to",
      "unit": "0-getting-started",
      "images": [],
      "type": "howto",
      "subtype": "howto",
      "category": [
           "platform:android"
          , "protect:content"],
      "contents": "<p>First you need to share the app</p>\n<ul>\n<li>If you want to share this app as a link </li>\n<li>If you want to share the app with a QR code</li>\n</ul>\n<p>Then you need to share the content</p>\n<ul>\n<li>...</li>\n</ul>"
    }
  ,
    {
      "stack": "3-howto-android-identity",
      "stack-index": "1",
      "stack-length": "1",
      "title": "How-to",
      "unit": "0-getting-started",
      "images": [],
      "type": "howto",
      "subtype": "howto",
      "category": [
           "platform:android"
          , "protect:identity"],
      "contents": "<p>First you need to share the app</p>\n<ul>\n<li>If you want to share this app as a link </li>\n<li>If you want to share the app with a QR code</li>\n</ul>\n<p>Then you need to share the content</p>\n<ul>\n<li>...</li>\n</ul>"
    }
  ,
    {
      "stack": "3-howto-android",
      "stack-index": "1",
      "stack-length": "1",
      "title": "How-to",
      "unit": "0-getting-started",
      "images": [],
      "type": "howto",
      "subtype": "howto",
      "category": [
           "platform:android"],
      "contents": "<p>First you need to share the app</p>\n<ul>\n<li>If you want to share this app as a link </li>\n<li>If you want to share the app with a QR code</li>\n</ul>\n<p>Then you need to share the content</p>\n<ul>\n<li>...</li>\n</ul>"
    }
  ]
}
  