{
  "slug": "tool-11-signal_0-get-started",
  "type": "unit",
  "title": "Get Started",
  "parentTitle": "Communication with Signal",
  "locale": "en",
  "categories": [],
  "updatedAt": "2017-10-07T16:33:01.504Z",
  "cards": [
    {
      "stack": "1-1-intro",
      "stack-index": "1",
      "stack-length": "1",
      "title": "Get started with Signal",
      "unit": "0-get-started",
      "images": [],
      "type": "card",
      "subtype": "intro",
      "category": [],
      "contents": "<ul>\n<li><strong>Learn how to install and use Signal, a free and open source encrypted messaging app for Android and iPhone</strong></li>\n</ul>"
    }
  ,
    {
      "stack": "1-2-takeaways",
      "stack-index": "1",
      "stack-length": "2",
      "title": "Learn how to",
      "unit": "0-get-started",
      "images": [],
      "type": "card",
      "subtype": "takeaways",
      "category": [],
      "contents": "<ul>\n<li><strong>Start using Signal</strong></li>\n<li><strong>Install Signal on your smart phone</strong></li>\n<li><strong>Register Signal on your smart phone</strong></li>\n<li><strong>Configure Signal</strong>"
    }
  ,
    {
      "stack": "1-2-takeaways",
      "stack-index": "2",
      "stack-length": "2",
      "title": "Learn how to",
      "unit": "0-get-started",
      "images": [],
      "type": "card",
      "subtype": "takeaways",
      "category": [],
      "contents": "</li>\n<li><strong>Set up encrypted storage</strong></li>\n<li><strong>Send encrypted messages to other Signal users via SMS or the internet (MMS)</strong></li>\n<li><strong>Make encrypted voice calls to other Signal users</strong></li>\n</ul>"
    }
  ,
    {
      "stack": "3-learn",
      "stack-index": "1",
      "stack-length": "8",
      "title": "Signal basics",
      "unit": "0-get-started",
      "images": [],
      "type": "card",
      "subtype": "learn",
      "category": [],
      "contents": "<h1 id=\"messaging-app\">Messaging app</h1>\n<p>Signal sends text messages (SMS), messages via the internet (MMS) and internet voice calls (VOIP)."
    }
  ,
    {
      "stack": "3-learn",
      "stack-index": "2",
      "stack-length": "8",
      "title": "Signal basics",
      "unit": "0-get-started",
      "images": [],
      "type": "card",
      "subtype": "learn",
      "category": [],
      "contents": "</p>\n<h1 id=\"encrypted-content\">Encrypted content</h1>\n<p>Using Signal will prevent anyone from being able to read the content of your text messages, but will not hide that you are sending messages, nor will it hide that your recipient is receiving messages."
    }
  ,
    {
      "stack": "3-learn",
      "stack-index": "3",
      "stack-length": "8",
      "title": "Signal basics",
      "unit": "0-get-started",
      "images": [],
      "type": "card",
      "subtype": "learn",
      "category": [],
      "contents": "</p>\n<h1 id=\"contacts-visible\">Contacts visible</h1>\n<p>Signal will only hide who the messages are being sent to if they are sent via the internet, but not when being sent by SMS"
    }
  ,
    {
      "stack": "3-learn",
      "stack-index": "4",
      "stack-length": "8",
      "title": "Signal basics",
      "unit": "0-get-started",
      "images": [],
      "type": "card",
      "subtype": "learn",
      "category": [],
      "contents": "</p>\n<h1 id=\"think-about-the-risks\">Think about the risks</h1>\n<p>In some countries, an encryption app such as Signal may attract attention, be illegal or subject to legal constraints."
    }
  ,
    {
      "stack": "3-learn",
      "stack-index": "5",
      "stack-length": "8",
      "title": "Signal basics",
      "unit": "0-get-started",
      "images": [],
      "type": "card",
      "subtype": "learn",
      "category": [],
      "contents": "</p>\n<h1 id=\"installation-guide\">Installation guide</h1>\n<p>Before starting to use Signal, you must download it. Review <strong>the installation guide</strong> lesson to learn how to do so."
    }
  ,
    {
      "stack": "3-learn",
      "stack-index": "6",
      "stack-length": "8",
      "title": "Signal basics",
      "unit": "0-get-started",
      "images": [],
      "type": "card",
      "subtype": "learn",
      "category": [],
      "contents": "</p>\n<h1 id=\"requirements\">Requirements</h1>\n<p>To determine whether your phone meets the requirements to use Signal, visit the project <a href=\"http://www.whispersystems.org\">homepage</a>"
    }
  ,
    {
      "stack": "3-learn",
      "stack-index": "7",
      "stack-length": "8",
      "title": "Signal basics",
      "unit": "0-get-started",
      "images": [],
      "type": "card",
      "subtype": "learn",
      "category": [],
      "contents": "</p>\n<h1 id=\"android-versions\">Android versions</h1>\n<p>In it&#39;s current form, Signal requires Android 2.3 and up. Signal is compatible with GNU Linux, Mac OS, Android, iOS and other Microsoft Windows Compatible Programs."
    }
  ,
    {
      "stack": "3-learn",
      "stack-index": "8",
      "stack-length": "8",
      "title": "Signal basics",
      "unit": "0-get-started",
      "images": [],
      "type": "card",
      "subtype": "learn",
      "category": [],
      "contents": "</p>\n<h1 id=\"communicate-with\">Communicate with</h1>\n<p>When you use Signal you can communicate with users using the following programs:</p>\n<ul>\n<li>Android: surespot, ChatSecure, Zom</li>\n<li>iOS: surespot, ChatSecure</li>\n<li>Microsoft Windows: Jitsi, Pidgin</li>\n<li>Mac OS: Jitsi, Adium</li>\n<li>Linux: Jitsi, Pidgin</li>\n</ul>"
    }
  ,
    {
      "stack": "4-1-howto-install",
      "stack-index": "1",
      "stack-length": "7",
      "title": "Install Signal in 3 steps",
      "unit": "0-get-started",
      "images": [],
      "type": "howto",
      "subtype": "howto",
      "category": [],
      "contents": "<h1 id=\"step-1-download-signal\">Step 1. Download Signal</h1>\n<p>On your Android device, download and install the app from the Google Play store by tapping <img src=\"https://securityinabox.org/sbox/screen/textsecure-en-1/001.png\" alt=\"\">"
    }
  ,
    {
      "stack": "4-1-howto-install",
      "stack-index": "2",
      "stack-length": "7",
      "title": "Install Signal in 3 steps",
      "unit": "0-get-started",
      "images": [],
      "type": "howto",
      "subtype": "howto",
      "category": [],
      "contents": "</p>\n<p><img src=\"https://securityinabox.org/sbox/screen/textsecure-en-1/002.png\" alt=\"\"></p>\n<blockquote>\n<p>Signal on the Google Play Store</p>\n</blockquote>\n<p>"
    }
  ,
    {
      "stack": "4-1-howto-install",
      "stack-index": "3",
      "stack-length": "7",
      "title": "Install Signal in 3 steps",
      "unit": "0-get-started",
      "images": [],
      "type": "howto",
      "subtype": "howto",
      "category": [],
      "contents": "</p>\n<h1 id=\"alternate-download\">Alternate download</h1>\n<p>If you want to use Signal independently of Google Play Services, download <b>Libresignal</b> instead on <b>F-Droid</b> which allows all Signal functions except phone calls."
    }
  ,
    {
      "stack": "4-1-howto-install",
      "stack-index": "4",
      "stack-length": "7",
      "title": "Install Signal in 3 steps",
      "unit": "0-get-started",
      "images": [],
      "type": "howto",
      "subtype": "howto",
      "category": [],
      "contents": "</p>\n<h1 id=\"step-2-review-permissions\">Step 2: Review permissions</h1>\n<p>Before the installation process begins, you will be asked to review the access that the app will have on your phone. Review this carefully."
    }
  ,
    {
      "stack": "4-1-howto-install",
      "stack-index": "5",
      "stack-length": "7",
      "title": "Install Signal in 3 steps",
      "unit": "0-get-started",
      "images": [],
      "type": "howto",
      "subtype": "howto",
      "category": [],
      "contents": "</p>\n<h1 id=\"complete-the-installation\">Complete the installation</h1>\n<p>Once your are happy with the permissions allowed, press &#39;Next&#39; and the installation will complete."
    }
  ,
    {
      "stack": "4-1-howto-install",
      "stack-index": "6",
      "stack-length": "7",
      "title": "Install Signal in 3 steps",
      "unit": "0-get-started",
      "images": [],
      "type": "howto",
      "subtype": "howto",
      "category": [],
      "contents": "</p>\n<h1 id=\"canceling-the-installation\">Canceling the installation</h1>\n<p>If you do not agree with the permissions allowed, press the back button and the installation will be cancelled.</p>\n<p><img src=\"https://securityinabox.org/sbox/screen/textsecure-en-1/004.png\" alt=\"\"></p>\n<blockquote>\n<p>Permissions required</p>\n</blockquote>\n<p>"
    }
  ,
    {
      "stack": "4-1-howto-install",
      "stack-index": "7",
      "stack-length": "7",
      "title": "Install Signal in 3 steps",
      "unit": "0-get-started",
      "images": [],
      "type": "howto",
      "subtype": "howto",
      "category": [],
      "contents": "</p>\n<h1 id=\"step-3-run-signal\">Step 3. Run Signal</h1>\n<p>Tap Open to run the app for the first time</p>"
    }
  ,
    {
      "stack": "4-2-howto-install",
      "stack-index": "1",
      "stack-length": "6",
      "title": "Register Signal",
      "unit": "0-get-started",
      "images": [],
      "type": "howto",
      "subtype": "howto",
      "category": [],
      "contents": "<h1 id=\"step-1-register-your-phone-number\">Step 1: Register your phone number</h1>\n<p>Begin the registration process by entering your phone number including country code and press <img src=\"https://securityinabox.org/sbox/screen/textsecure-en-1/005.png\" alt=\"\">"
    }
  ,
    {
      "stack": "4-2-howto-install",
      "stack-index": "2",
      "stack-length": "6",
      "title": "Register Signal",
      "unit": "0-get-started",
      "images": [],
      "type": "howto",
      "subtype": "howto",
      "category": [],
      "contents": "</p>\n<p><img src=\"https://securityinabox.org/sbox/screen/textsecure-en-1/008.png\" alt=\"\"></p>\n<blockquote>\n<p>Registration screen</p>\n</blockquote>\n<p>"
    }
  ,
    {
      "stack": "4-2-howto-install",
      "stack-index": "3",
      "stack-length": "6",
      "title": "Register Signal",
      "unit": "0-get-started",
      "images": [],
      "type": "howto",
      "subtype": "howto",
      "category": [],
      "contents": "</p>\n<p><img src=\"https://securityinabox.org/sbox/screen/textsecure-en-1/009.png\" alt=\"\"></p>\n<blockquote>\n<p>Confirming number</p>\n</blockquote>\n<p>"
    }
  ,
    {
      "stack": "4-2-howto-install",
      "stack-index": "4",
      "stack-length": "6",
      "title": "Register Signal",
      "unit": "0-get-started",
      "images": [],
      "type": "howto",
      "subtype": "howto",
      "category": [],
      "contents": "</p>\n<h1 id=\"step-2-confirm-registration\">Step 2: Confirm registration</h1>\n<p>Signal will send you an SMS message to confirm registration."
    }
  ,
    {
      "stack": "4-2-howto-install",
      "stack-index": "5",
      "stack-length": "6",
      "title": "Register Signal",
      "unit": "0-get-started",
      "images": [],
      "type": "howto",
      "subtype": "howto",
      "category": [],
      "contents": "Note: If for some reason you do not receive the SMS you will be given the option to receive an automated phone call where you will hear a 6-digit code, this code once entered will complete the registration.</p>\n<p><Br>\n<img src=\"https://securityinabox.org/sbox/screen/textsecure-en-1/010.png\" alt=\"\">\nRegistration completing"
    }
  ,
    {
      "stack": "4-2-howto-install",
      "stack-index": "6",
      "stack-length": "6",
      "title": "Register Signal",
      "unit": "0-get-started",
      "images": [],
      "type": "howto",
      "subtype": "howto",
      "category": [],
      "contents": "<img src=\"https://securityinabox.org/sbox/screen/textsecure-en-1/011.png\" alt=\"\">\nVoice verification screens</p>"
    }
  ,
    {
      "stack": "4-3-howto-install",
      "stack-index": "1",
      "stack-length": "8",
      "title": "Configure Signal",
      "unit": "0-get-started",
      "images": [],
      "type": "howto",
      "subtype": "howto",
      "category": [],
      "contents": "<h1 id=\"importing-messages\">Importing Messages</h1>\n<p>Signal can securely store your SMS messages, so it is recommended that you import the messages from your current SMS app."
    }
  ,
    {
      "stack": "4-3-howto-install",
      "stack-index": "2",
      "stack-length": "8",
      "title": "Configure Signal",
      "unit": "0-get-started",
      "images": [],
      "type": "howto",
      "subtype": "howto",
      "category": [],
      "contents": "</p>\n<h1 id=\"importing-messages\">Importing Messages</h1>\n<p>After registration is complete, Signal will open and you will be asked if you want to import your messages from the default SMS app on your phone. Press <img src=\"https://securityinabox.org/sbox/screen/textsecure-en-1/012.png\" alt=\"\">"
    }
  ,
    {
      "stack": "4-3-howto-install",
      "stack-index": "3",
      "stack-length": "8",
      "title": "Configure Signal",
      "unit": "0-get-started",
      "images": [],
      "type": "howto",
      "subtype": "howto",
      "category": [],
      "contents": "<img src=\"https://securityinabox.org/sbox/screen/textsecure-en-1/013.png\" alt=\"\"></p>\n<blockquote>\n<p>Import messages into Signal</p>\n</blockquote>\n<p>"
    }
  ,
    {
      "stack": "4-3-howto-install",
      "stack-index": "4",
      "stack-length": "8",
      "title": "Configure Signal",
      "unit": "0-get-started",
      "images": [],
      "type": "howto",
      "subtype": "howto",
      "category": [],
      "contents": "</p>\n<h1 id=\"access-old-messages\">Access old messages</h1>\n<p>Once the import is complete you can access all your old messages in Signal and you should delete them from your other application."
    }
  ,
    {
      "stack": "4-3-howto-install",
      "stack-index": "5",
      "stack-length": "8",
      "title": "Configure Signal",
      "unit": "0-get-started",
      "images": [],
      "type": "howto",
      "subtype": "howto",
      "category": [],
      "contents": "</p>\n<h1 id=\"making-signal-the-default-message-app\">Making Signal the Default Message App</h1>\n<p>After your old messages have been imported you should make Signal the default SMS application so that all messages you receive appear in it and not the old application. This can be done by tapping <img src=\"https://securityinabox.org/sbox/screen/textsecure-en-1/012.png\" alt=\"\"> when prompted."
    }
  ,
    {
      "stack": "4-3-howto-install",
      "stack-index": "6",
      "stack-length": "8",
      "title": "Configure Signal",
      "unit": "0-get-started",
      "images": [],
      "type": "howto",
      "subtype": "howto",
      "category": [],
      "contents": "<img src=\"https://securityinabox.org/sbox/screen/textsecure-en-1/014.png\" alt=\"\"></p>\n<blockquote>\n<p>Set Signal as the default SMS application</p>\n</blockquote>\n<p>"
    }
  ,
    {
      "stack": "4-3-howto-install",
      "stack-index": "7",
      "stack-length": "8",
      "title": "Configure Signal",
      "unit": "0-get-started",
      "images": [],
      "type": "howto",
      "subtype": "howto",
      "category": [],
      "contents": "</p>\n<h1 id=\"encrypted-storage\">Encrypted Storage</h1>\n<p>Signal also allows you to store all your messages in an encrypted container protected by a passphrase, so if someone gains access to your phone, they will not be able to access your messages when Signal is locked."
    }
  ,
    {
      "stack": "4-3-howto-install",
      "stack-index": "8",
      "stack-length": "8",
      "title": "Configure Signal",
      "unit": "0-get-started",
      "images": [],
      "type": "howto",
      "subtype": "howto",
      "category": [],
      "contents": "</p>\n<h1 id=\"automatic-locking\">Automatic locking</h1>\n<p>After a set period of time, if you have not looked at any messages, Signal will automatically lock and you will have to enter your passphrase the next time you want to read your messages.</p>"
    }
  ,
    {
      "stack": "4-4-howto-install",
      "stack-index": "1",
      "stack-length": "6",
      "title": "Enable encrypted storage",
      "unit": "0-get-started",
      "images": [],
      "type": "howto",
      "subtype": "howto",
      "category": [],
      "contents": "<ol>\n<li>Tap on  in the top right of your screen to bring up the menu and select."
    }
  ,
    {
      "stack": "4-4-howto-install",
      "stack-index": "2",
      "stack-length": "6",
      "title": "Enable encrypted storage",
      "unit": "0-get-started",
      "images": [],
      "type": "howto",
      "subtype": "howto",
      "category": [],
      "contents": "</li>\n<li>Scroll down to the PASSPHRASE section and uncheck Disable Password."
    }
  ,
    {
      "stack": "4-4-howto-install",
      "stack-index": "3",
      "stack-length": "6",
      "title": "Enable encrypted storage",
      "unit": "0-get-started",
      "images": [],
      "type": "howto",
      "subtype": "howto",
      "category": [],
      "contents": "</li>\n<li>When prompted enter a passphrase that will be used to protect the messages stored on your phone and tap.</li>\n</ol>\n<p><img src=\"https://securityinabox.org/sbox/screen/textsecure-en-1/018.png\" alt=\"\"></p>\n<blockquote>\n<p>Passphrase options</p>\n</blockquote>\n<p><img src=\"https://securityinabox.org/sbox/screen/textsecure-en-1/019.png\" alt=\"\"></p>\n<blockquote>\n<p>Setting a password</p>\n</blockquote>\n<p>"
    }
  ,
    {
      "stack": "4-4-howto-install",
      "stack-index": "4",
      "stack-length": "6",
      "title": "Enable encrypted storage",
      "unit": "0-get-started",
      "images": [],
      "type": "howto",
      "subtype": "howto",
      "category": [],
      "contents": "</p>\n<ol>\n<li>Check the box next to Timeout passphrase to have Signal lock after a period of inactivity."
    }
  ,
    {
      "stack": "4-4-howto-install",
      "stack-index": "5",
      "stack-length": "6",
      "title": "Enable encrypted storage",
      "unit": "0-get-started",
      "images": [],
      "type": "howto",
      "subtype": "howto",
      "category": [],
      "contents": "</li>\n<li>Tap Timeout interval and in the next screen enter after what time you want Signal to lock if unused and tap.</li>\n</ol>\n<p><img src=\"https://securityinabox.org/sbox/screen/textsecure-en-1/021.png\" alt=\"\"></p>\n<blockquote>\n<p>Signal timeout settings"
    }
  ,
    {
      "stack": "4-4-howto-install",
      "stack-index": "6",
      "stack-length": "6",
      "title": "Enable encrypted storage",
      "unit": "0-get-started",
      "images": [],
      "type": "howto",
      "subtype": "howto",
      "category": [],
      "contents": "This is the end of the lesson. Please click the Home button on your left to go back to the menu.</p>\n</blockquote>"
    }
  ]
}
  