{
  "slug": "understand-3-opsec_1-establishing-trust",
  "type": "unit",
  "title": "Establishing Trust",
  "parentTitle": "Understand Operational Security",
  "locale": "en",
  "categories": [],
  "updatedAt": "2017-10-01T09:36:24.519Z",
  "cards": [
    {
      "stack": "1-1-intro",
      "stack-index": "1",
      "stack-length": "1",
      "title": "Establishing trust",
      "unit": "1-establishing-trust",
      "images": [],
      "type": "card",
      "subtype": "intro",
      "category": [],
      "contents": "<p>Learn about the importance of building trust with your teams and how to do it.</p>"
    }
  ,
    {
      "stack": "1-2-takeaways",
      "stack-index": "1",
      "stack-length": "1",
      "title": "Learn about",
      "unit": "1-establishing-trust",
      "images": [],
      "type": "card",
      "subtype": "takeaways",
      "category": [],
      "contents": "<ul>\n<li><a href=\"topics/understand-3-opsec/1-establishing-trust/3-1-learn.md\">The importance of establishing trust within your teams</a></li>\n<li><a href=\"topics/understand-3-opsec/1-establishing-trust/3-2-learn.md\">Building trust within your teams</a></li>\n</ul>"
    }
  ,
    {
      "stack": "2-scenario",
      "stack-index": "1",
      "stack-length": "1",
      "title": "Scenario",
      "unit": "1-establishing-trust",
      "images": [],
      "type": "card",
      "subtype": "scenario",
      "category": [],
      "contents": "<p>Scenario text...</p>"
    }
  ,
    {
      "stack": "4-test",
      "stack-index": "1",
      "stack-length": "1",
      "title": "Test",
      "unit": "1-establishing-trust",
      "images": [],
      "type": "activity",
      "subtype": "test",
      "category": [],
      "contents": "<quiz name=\"Gitbook Quiz\">\n    <question multiple>\n        <p>What is gitbook used for?</p>\n        <answer correct>To read books</answer>\n        <answer>To book hotel named git</answer>\n        <answer correct>To write and publish beautiful books</answer>\n        <explanation>GitBook.com lets you write, publish and manage your books online as a service.</explanation>\n    </question>\n    <question>\n        <p>Is it quiz?</p>\n        <answer correct>Yes</answer>\n        <answer>No</answer>\n    </question>\n</quiz>"
    }
  ,
    {
      "stack": "5-next",
      "stack-index": "1",
      "stack-length": "1",
      "title": "Next",
      "unit": "1-establishing-trust",
      "images": [],
      "type": "card",
      "subtype": "next",
      "category": [],
      "contents": "<ul>\n<li><a href=\"topics/_topic/_unit/index.md\">A topic to study next</a></li>\n<li><a href=\"topics/_topic/_unit/index.md\">Another topic</a></li>\n<li>...</li>\n</ul>"
    }
  ]
}
  