{
  "slug": "understand-2-security_0-get-started",
  "type": "unit",
  "title": "Get Started",
  "parentTitle": "Understand Security",
  "locale": "en",
  "categories": [],
  "updatedAt": "2017-10-03T08:09:22.651Z",
  "cards": [
    {
      "stack": "1-1-intro",
      "stack-index": "1",
      "stack-length": "1",
      "title": "Get Started",
      "unit": "0-get-started",
      "images": [],
      "type": "card",
      "subtype": "intro",
      "category": [],
      "contents": "<p>Learn how to recognise and deal with the most common types of security concerns.</p>"
    }
  ,
    {
      "stack": "1-2-takeaways",
      "stack-index": "1",
      "stack-length": "1",
      "title": "Learn how to",
      "unit": "0-get-started",
      "images": [],
      "type": "card",
      "subtype": "takeaways",
      "category": [],
      "contents": "<p>Key takeaways from this topic include lessons on the following:</p>\n<ul>\n<li><a href=\"topics/understand-2-security/1-your-security/1-intro.md\">Your security</a></li>\n<li><a href=\"topics/understand-2-security/2-your-well-being/1-intro.md\">Your well-being</a></li>\n<li><a href=\"topics/understand-2-security/3-your-mission-hrd/1-intro.md\">Your mission</a></li>\n<li><a href=\"topics/understand-2-security/3-your-story-journo/1-intro.md\">Your story</a></li>\n<li><a href=\"topics/understand-2-security/4-your-sources-journo/1-intro.md\">Your sources</a></li>\n<li><a href=\"topics/understand-2-security/5-your-colleagues/1-intro.md\">Your colleagues</a></li>\n</ul>"
    }
  ,
    {
      "stack": "3-learn",
      "stack-index": "1",
      "stack-length": "5",
      "title": "Choosing the right lesson",
      "unit": "0-get-started",
      "images": [],
      "type": "card",
      "subtype": "learn",
      "category": [],
      "contents": "<p>To minimise potential risks, it is important to always prepare a security assessment. Learn how to do so in the Your Security lesson.</p>\n<ul>\n<li><a href=\"topics/understand-2-security/1-your-security/1-intro.md\">Your Security</a>"
    }
  ,
    {
      "stack": "3-learn",
      "stack-index": "2",
      "stack-length": "5",
      "title": "Choosing the right lesson",
      "unit": "0-get-started",
      "images": [],
      "type": "card",
      "subtype": "learn",
      "category": [],
      "contents": "If you are not taking care of yourself, it becomes impossible to do your important work.  Learn how to be aware and deal with stress, trauma, and emotional care in the Well-Being lesson.</li>\n<li><a href=\"topics/understand-2-security/2-your-well-being/1-intro.md\">Well-Being</a>."
    }
  ,
    {
      "stack": "3-learn",
      "stack-index": "3",
      "stack-length": "5",
      "title": "Choosing the right lesson",
      "unit": "0-get-started",
      "images": [],
      "type": "card",
      "subtype": "learn",
      "category": [],
      "contents": "Protecting your sources is one of the core responsibilities of a journalist. To learn how to do so and what things to keep in mind, read the Your Sources lesson.</li>\n<li><a href=\"topics/understand-2-security/4-your-sources-journo/1-intro.md\">Your sources</a>"
    }
  ,
    {
      "stack": "3-learn",
      "stack-index": "4",
      "stack-length": "5",
      "title": "Choosing the right lesson",
      "unit": "0-get-started",
      "images": [],
      "type": "card",
      "subtype": "learn",
      "category": [],
      "contents": "What kind of information you should share, and how to talk about security issues with your colleagues is explained in the ¥our Colleagues lesson.</li>\n<li><a href=\"topics/understand-2-security/5-your-colleagues/1-intro.md\">Your colleagues</a>"
    }
  ,
    {
      "stack": "3-learn",
      "stack-index": "5",
      "stack-length": "5",
      "title": "Choosing the right lesson",
      "unit": "0-get-started",
      "images": [],
      "type": "card",
      "subtype": "learn",
      "category": [],
      "contents": "How can you prepare for your story can continue if something unexpected happens to you? </li>\n<li><a href=\"topics/understand-2-security/3-your-story-journo/1-intro.md\">Your story</a></li>\n</ul>"
    }
  ]
}
  