{
  "slug": "tool-22-tor-browser_0-getting-started",
  "type": "unit",
  "title": "Getting Started",
  "parentTitle": "Browse Privately with Tor Browser",
  "locale": "en",
  "categories": [],
  "updatedAt": "2017-10-06T14:56:27.520Z",
  "cards": [
    {
      "stack": "1-1-intro",
      "stack-index": "1",
      "stack-length": "1",
      "title": "Getting started with Tor",
      "unit": "0-getting-started",
      "images": [],
      "type": "card",
      "subtype": "intro",
      "category": [],
      "contents": "<p>Learn about what the Tor browser bundle is and how you can use it to browse the Internet safely.</p>"
    }
  ,
    {
      "stack": "1-2-takeaways",
      "stack-index": "1",
      "stack-length": "1",
      "title": "Learn about",
      "unit": "0-getting-started",
      "images": [],
      "type": "card",
      "subtype": "takeaways",
      "category": [],
      "contents": "<ul>\n<li><a href=\"topics/tool-9-tor-browser/0-getting-started/3-learn.md\">What the Tor Browser Bundle is</a></li>\n</ul>"
    }
  ,
    {
      "stack": "2-scenario",
      "stack-index": "1",
      "stack-length": "4",
      "title": "Scenario",
      "unit": "0-getting-started",
      "images": [],
      "type": "card",
      "subtype": "scenario",
      "category": [],
      "contents": "<p>Henry and Grace are journalists in a Kampala suburb who mantain a blog on which they anonymously publicise corruption practices and campaign for political change. </p>\n<p>"
    }
  ,
    {
      "stack": "2-scenario",
      "stack-index": "2",
      "stack-length": "4",
      "title": "Scenario",
      "unit": "0-getting-started",
      "images": [],
      "type": "card",
      "subtype": "scenario",
      "category": [],
      "contents": "The authorities in Uganda have not been able to shut down their website, because it is hosted in another country, but they have often tried to learn the identity of the blog&#39;s administrators from other journalists.</p>\n<p>"
    }
  ,
    {
      "stack": "2-scenario",
      "stack-index": "3",
      "stack-length": "4",
      "title": "Scenario",
      "unit": "0-getting-started",
      "images": [],
      "type": "card",
      "subtype": "scenario",
      "category": [],
      "contents": "Henry and Grace are concerned that the authorities may be able to monitor their updates and learn who they are.</p>\n<p>"
    }
  ,
    {
      "stack": "2-scenario",
      "stack-index": "4",
      "stack-length": "4",
      "title": "Scenario",
      "unit": "0-getting-started",
      "images": [],
      "type": "card",
      "subtype": "scenario",
      "category": [],
      "contents": "In addition,they want to prepare for when the government eventually filters their website so that they can continue updating it and also provide good circumvention advice to readers all over the country who would otherwise lose access to the blog.</p>"
    }
  ,
    {
      "stack": "3-learn",
      "stack-index": "1",
      "stack-length": "16",
      "title": "Learn",
      "unit": "0-getting-started",
      "images": [],
      "type": "card",
      "subtype": "learn",
      "category": [],
      "contents": "<h1 id=\"protecting-your-browsing\">Protecting your browsing</h1>\n<p>Your government and hackers around the world are increasingly interested in knowing exactly what you’re up to when you browse the web. This may present a serious risk to journalists and human rights defenders looking to access information, protect their sources, and communicate securely."
    }
  ,
    {
      "stack": "3-learn",
      "stack-index": "2",
      "stack-length": "16",
      "title": "Learn",
      "unit": "0-getting-started",
      "images": [],
      "type": "card",
      "subtype": "learn",
      "category": [],
      "contents": "</p>\n<h1 id=\"what-is-tor-\">What is Tor?</h1>\n<p>The Tor Browser is a service that provides both privacy and anonymity online by masking who you are and where you are connecting. The service also protects you from the Tor network itself."
    }
  ,
    {
      "stack": "3-learn",
      "stack-index": "3",
      "stack-length": "16",
      "title": "Learn",
      "unit": "0-getting-started",
      "images": [],
      "type": "card",
      "subtype": "learn",
      "category": [],
      "contents": "</p>\n<h1 id=\"anonymous-and-private-browsing\">Anonymous and private browsing</h1>\n<p>For people who might need occasional anonymity and privacy when accessing websites, Tor Browser provides a quick and easy way to use the Tor network."
    }
  ,
    {
      "stack": "3-learn",
      "stack-index": "4",
      "stack-length": "16",
      "title": "Learn",
      "unit": "0-getting-started",
      "images": [],
      "type": "card",
      "subtype": "learn",
      "category": [],
      "contents": "</p>\n<h1 id=\"circumventing-censorship\">Circumventing censorship</h1>\n<p>Tor can also be useful as a secure means of circumventing electronic restrictions so that you may access or publish blogs and news reports."
    }
  ,
    {
      "stack": "3-learn",
      "stack-index": "5",
      "stack-length": "16",
      "title": "Learn",
      "unit": "0-getting-started",
      "images": [],
      "type": "card",
      "subtype": "learn",
      "category": [],
      "contents": "</p>\n<h1 id=\"how-tor-works\">How Tor works</h1>\n<p>Tor protects your anonymity by routing communications through a distributed network of servers run by volunteers from all over the world."
    }
  ,
    {
      "stack": "3-learn",
      "stack-index": "6",
      "stack-length": "16",
      "title": "Learn",
      "unit": "0-getting-started",
      "images": [],
      "type": "card",
      "subtype": "learn",
      "category": [],
      "contents": "</p>\n<h1 id=\"protecting-your-identity\">Protecting your identity</h1>\n<p>Using Tor hides the sites you visit from potential onlookers, and hides your location/identity from those sites."
    }
  ,
    {
      "stack": "3-learn",
      "stack-index": "7",
      "stack-length": "16",
      "title": "Learn",
      "unit": "0-getting-started",
      "images": [],
      "type": "card",
      "subtype": "learn",
      "category": [],
      "contents": "</p>\n<h1 id=\"encryption-network-communication\">Encryption network communication</h1>\n<p>Tor also takes steps to encrypt the communication to and through its network, but this measure does not extend the process all the way to a website which is sending or receiving content over non-encrypted channels (i.e. not providing https access)."
    }
  ,
    {
      "stack": "3-learn",
      "stack-index": "8",
      "stack-length": "16",
      "title": "Learn",
      "unit": "0-getting-started",
      "images": [],
      "type": "card",
      "subtype": "learn",
      "category": [],
      "contents": "</p>\n<h1 id=\"browsing-securely\">Browsing securely</h1>\n<p>Nevertheless, the advantage of using Tor when accessing such sites is that Tor can secure your communication up to the step between the last of the Tor servers and the non-secure site. This confines the chance to intercept the content to that last step."
    }
  ,
    {
      "stack": "3-learn",
      "stack-index": "9",
      "stack-length": "16",
      "title": "Learn",
      "unit": "0-getting-started",
      "images": [],
      "type": "card",
      "subtype": "learn",
      "category": [],
      "contents": "</p>\n<h1 id=\"tor-browser-bundle\">Tor Browser Bundle</h1>\n<p>The Tor Browser Bundle consists of the Tor software and a modified version of the Firefox web browser, which is designed to provide extra protection while using it. The browser bundle also includes <a href=\"https://securityinabox.org/en/guide/firefox/windows#801t\">NoScript</a> and <a href=\"https://securityinabox.org/en/guide/firefox/windows#804\">HTTPS-Everywhere</a> add-ons."
    }
  ,
    {
      "stack": "3-learn",
      "stack-index": "10",
      "stack-length": "16",
      "title": "Learn",
      "unit": "0-getting-started",
      "images": [],
      "type": "card",
      "subtype": "learn",
      "category": [],
      "contents": "</p>\n<h1 id=\"installing-tor-browser-bundle\">Installing Tor Browser Bundle</h1>\n<p>For instructions on installing the Tor Browser Bundle, refer to the <a href=\"https://securityinabox.org/en/guide/torbrowser/windows\">detailed guide</a> Tactical Tech has put together."
    }
  ,
    {
      "stack": "3-learn",
      "stack-index": "11",
      "stack-length": "16",
      "title": "Learn",
      "unit": "0-getting-started",
      "images": [],
      "type": "card",
      "subtype": "learn",
      "category": [],
      "contents": "</p>\n<h1 id=\"slower-surfing\">Slower surfing</h1>\n<p><strong>Note:</strong> There is a trade-off between anonymity and speed. Because Tor facilitates anonymous browsing by bouncing your traffic through volunteers&#39; computers and servers in various parts of the world, it will definitely be slower than using other web browsers on your computer."
    }
  ,
    {
      "stack": "3-learn",
      "stack-index": "12",
      "stack-length": "16",
      "title": "Learn",
      "unit": "0-getting-started",
      "images": [],
      "type": "card",
      "subtype": "learn",
      "category": [],
      "contents": "</p>\n<h1 id=\"definitions-bridge-relay\">Definitions: Bridge Relay</h1>\n<p>A Bridge Relay is a Tor server that is not publicly announced. If you choose to use a bridge, the server can provide you with access to the Tor network even if Tor is blocked in your country."
    }
  ,
    {
      "stack": "3-learn",
      "stack-index": "13",
      "stack-length": "16",
      "title": "Learn",
      "unit": "0-getting-started",
      "images": [],
      "type": "card",
      "subtype": "learn",
      "category": [],
      "contents": "</p>\n<h1 id=\"definitions-port\">Definitions: Port</h1>\n<p>A port is an access point through which software communicates with services running on other networked computers. If a URL, such as www.google.com, gives you the &#39;street address&#39; of a service, then the port tells you which &#39;door&#39; to use once you reach the correct destination."
    }
  ,
    {
      "stack": "3-learn",
      "stack-index": "14",
      "stack-length": "16",
      "title": "Learn",
      "unit": "0-getting-started",
      "images": [],
      "type": "card",
      "subtype": "learn",
      "category": [],
      "contents": "</p>\n<h1 id=\"definitions-port\">Definitions: Port</h1>\n<p>When browsing the Web, you typically use port 80 for unsecured sites <a href=\"http://mail.google.com\">http://mail.google.com</a> and port 443 for secured ones <a href=\"https://mail.google.com\">https://mail.google.com</a>."
    }
  ,
    {
      "stack": "3-learn",
      "stack-index": "15",
      "stack-length": "16",
      "title": "Learn",
      "unit": "0-getting-started",
      "images": [],
      "type": "card",
      "subtype": "learn",
      "category": [],
      "contents": "</p>\n<h1 id=\"definitions-proxy\">Definitions: Proxy</h1>\n<p>A proxy is a software intermediary that runs on your computer, on your local network, or somewhere else on the Internet, that helps to relay your communication toward its final destination."
    }
  ,
    {
      "stack": "3-learn",
      "stack-index": "16",
      "stack-length": "16",
      "title": "Learn",
      "unit": "0-getting-started",
      "images": [],
      "type": "card",
      "subtype": "learn",
      "category": [],
      "contents": "</p>\n<h1 id=\"definitions-route\">Definitions: Route</h1>\n<p>A route is the communication path on the Internet between your computer and the destination server.</p>"
    }
  ]
}
  