{
  "slug": "practice-3-safe-phones_1-instant-messaging",
  "type": "unit",
  "title": "Instant Messaging on Smart Phones",
  "parentTitle": "Safe Phones",
  "locale": "en",
  "categories": [
       "profile:hrd"
      , "profile:journo"
      , "platform:android"
      , "platform:android"
      , "platform:android"
      , "protect:content"
      , "protect:content"
      , "protect:content"],
  "updatedAt": "2017-10-01T12:52:36.054Z",
  "cards": [
    {
      "stack": "1-1-intro",
      "stack-index": "1",
      "stack-length": "1",
      "title": "Instant messaging on phones",
      "unit": "1-instant-messaging",
      "images": [],
      "type": "card",
      "subtype": "intro",
      "category": [],
      "contents": "<p>Learn to instant message securely on a smart phone.</p>"
    }
  ,
    {
      "stack": "1-2-takeaways",
      "stack-index": "1",
      "stack-length": "1",
      "title": "Learn how to",
      "unit": "1-instant-messaging",
      "images": [],
      "type": "card",
      "subtype": "takeaways",
      "category": [],
      "contents": "<h2 id=\"a-new-post\">A New Post</h2>\n<p>Enter text in <a href=\"http://daringfireball.net/projects/markdown/\">Markdown</a>. Use the toolbar above, or click the <strong>?</strong> button for formatting help.</p>"
    }
  ,
    {
      "stack": "2-scenario-hrd",
      "stack-index": "1",
      "stack-length": "1",
      "title": "Scenario",
      "unit": "1-instant-messaging",
      "images": [],
      "type": "card",
      "subtype": "scenario",
      "category": [
           "profile:hrd"],
      "contents": "<p>Nana is a freelance journalist based in Kampala. She uses her phone to organize meetings with her sources and they meet where the sources are comfortable. On one occasion after meeting with a source in a crowded public place, Nana’s phone is snatched as she answers a call from her father.  The thief uses the contacts in her phone to contact her parents and swindles a significant amount of money from them.</p>"
    }
  ,
    {
      "stack": "2-scenario-journo",
      "stack-index": "1",
      "stack-length": "2",
      "title": "Scenario",
      "unit": "1-instant-messaging",
      "images": [],
      "type": "card",
      "subtype": "scenario",
      "category": [
           "profile:journo"],
      "contents": "<p>Mansour and Magda are journalists from north Africa. They are covering a march, to take place in the middle of a large city. They want to use Facebook to publicise the event. They are worried that the authorities could be tipped off and that anyone who shows an interest could be traced."
    }
  ,
    {
      "stack": "2-scenario-journo",
      "stack-index": "2",
      "stack-length": "2",
      "title": "Scenario",
      "unit": "1-instant-messaging",
      "images": [],
      "type": "card",
      "subtype": "scenario",
      "category": [
           "profile:journo"],
      "contents": "They plan to use Twitter during the march to give updates on the progress of the march. But what if the police could monitor the tweets, and deploy squads to intercept marchers? Mansour and Magda plan how to share photos and videos of the march without revealing people&#39;s identities, because they worry that participants could face persecution.</p>"
    }
  ,
    {
      "stack": "2-scenario",
      "stack-index": "1",
      "stack-length": "2",
      "title": "Scenario",
      "unit": "1-instant-messaging",
      "images": [],
      "type": "card",
      "subtype": "scenario",
      "category": [],
      "contents": "<p>Mansour and Magda are from north Africa. They are going to a march, to take place in the middle of a large city. They want to use Facebook to publicise the event. They are worried that the authorities could be tipped off and that anyone who shows an interest could be traced."
    }
  ,
    {
      "stack": "2-scenario",
      "stack-index": "2",
      "stack-length": "2",
      "title": "Scenario",
      "unit": "1-instant-messaging",
      "images": [],
      "type": "card",
      "subtype": "scenario",
      "category": [],
      "contents": "They plan to use Twitter during the march to give updates on the progress of the march. But what if the police could monitor the tweets, and deploy squads to intercept marchers? Mansour and Magda plan how to share photos and videos of the march without revealing people&#39;s identities, because they worry that participants could face persecution.</p>"
    }
  ,
    {
      "stack": "3-learn",
      "stack-index": "1",
      "stack-length": "3",
      "title": "Scenario",
      "unit": "1-instant-messaging",
      "images": [],
      "type": "card",
      "subtype": "learn",
      "category": [],
      "contents": "<p>If you work with sensitive information and topics, and are interested in using social networking services, it is important to be very aware of the privacy and security issues that they raise."
    }
  ,
    {
      "stack": "3-learn",
      "stack-index": "2",
      "stack-length": "3",
      "title": "Scenario",
      "unit": "1-instant-messaging",
      "images": [],
      "type": "card",
      "subtype": "learn",
      "category": [],
      "contents": "Anyone needs to be vigilant about their use of social networking sites and need to be careful about the information they reveal about themselves <strong>and</strong> about the people they work with."
    }
  ,
    {
      "stack": "3-learn",
      "stack-index": "3",
      "stack-length": "3",
      "title": "Scenario",
      "unit": "1-instant-messaging",
      "images": [],
      "type": "card",
      "subtype": "learn",
      "category": [],
      "contents": "Signal is a recommended tool to send encrypted messages securely</p>"
    }
  ,
    {
      "stack": "6-howto-signal-install-android-content",
      "stack-index": "1",
      "stack-length": "9",
      "title": "How to install signal",
      "unit": "1-instant-messaging",
      "images": [],
      "type": "howto",
      "subtype": "howto",
      "category": [
           "platform:android"
          , "protect:content"],
      "contents": "<p>This how to will go through the following steps </p>\n<ul>\n<li><strong>(1) How to Install Signal</strong></li>\n<li><strong>(2) Registering with Signal</strong></li>\n<li><strong>(3) Configuring Signal</strong>"
    }
  ,
    {
      "stack": "6-howto-signal-install-android-content",
      "stack-index": "2",
      "stack-length": "9",
      "title": "How to install signal",
      "unit": "1-instant-messaging",
      "images": [],
      "type": "howto",
      "subtype": "howto",
      "category": [
           "platform:android"
          , "protect:content"],
      "contents": "<h1 id=\"-1-how-to-install-signal\">(1) How To Install Signal</h1>\n</li>\n<li>Download from the Playstore</li>\n<li>Review the permissions</li>\n<li>Launch the Signal app</li>\n</ul>\n<p>Step 1. On your Android device, download and install the app from the Google Play store by tapping <img src=\"https://securityinabox.org/sbox/screen/textsecure-en-1/001.png\" alt=\"\"></p>\n<p><img src=\"https://securityinabox.org/sbox/screen/textsecure-en-1/002.png\" alt=\"\">\nFigure 1: Signal on the Google Play Store</p>\n<p>"
    }
  ,
    {
      "stack": "6-howto-signal-install-android-content",
      "stack-index": "3",
      "stack-length": "9",
      "title": "How to install signal",
      "unit": "1-instant-messaging",
      "images": [],
      "type": "howto",
      "subtype": "howto",
      "category": [
           "platform:android"
          , "protect:content"],
      "contents": "Step 2:. Before the installation process begins, you will be asked to review the access that the app will have on your phone. Review this carefully. Once your are happy with the permissions allowed, press  and the installation will complete. If you do not agree with the permissions allowed, press the back button and the installation will be cancelled.</p>\n<p><img src=\"https://securityinabox.org/sbox/screen/textsecure-en-1/004.png\" alt=\"\">\nFigure 2: Permissions required</p>\n<p>Step 3. Tap Open to run the app for the first time"
    }
  ,
    {
      "stack": "6-howto-signal-install-android-content",
      "stack-index": "4",
      "stack-length": "9",
      "title": "How to install signal",
      "unit": "1-instant-messaging",
      "images": [],
      "type": "howto",
      "subtype": "howto",
      "category": [
           "platform:android"
          , "protect:content"],
      "contents": "</p>\n<h1 id=\"-2-registering-with-signal\">(2) Registering with Signal</h1>\n<ul>\n<li>Enter your phone number</li>\n<li>Receive an SMS.</li>\n</ul>\n<p>Step 1: Begin the registration process by entering your phone number including country code and press <img src=\"https://securityinabox.org/sbox/screen/textsecure-en-1/005.png\" alt=\"\"></p>\n<p><img src=\"https://securityinabox.org/sbox/screen/textsecure-en-1/008.png\" alt=\"\"></p>\n<p><img src=\"https://securityinabox.org/sbox/screen/textsecure-en-1/009.png\" alt=\"\">\nFigure 3 &amp; 4: Registration screen and confirming number</p>\n<p>"
    }
  ,
    {
      "stack": "6-howto-signal-install-android-content",
      "stack-index": "5",
      "stack-length": "9",
      "title": "How to install signal",
      "unit": "1-instant-messaging",
      "images": [],
      "type": "howto",
      "subtype": "howto",
      "category": [
           "platform:android"
          , "protect:content"],
      "contents": "Step 2: Signal will send you an SMS message to confirm registration.</p>\n<p>Note: If for some reason you do not receive the SMS you will be given the option to receive an automated phone call where you will hear a 6-digit code, this code once entered will complete the registration.</p>\n<p><img src=\"https://securityinabox.org/sbox/screen/textsecure-en-1/010.png\" alt=\"\"></p>\n<p><img src=\"https://securityinabox.org/sbox/screen/textsecure-en-1/011.png\" alt=\"\">\nFigure 5 &amp; 6: Registration completing and Voice verification screens</p>\n<p>"
    }
  ,
    {
      "stack": "6-howto-signal-install-android-content",
      "stack-index": "6",
      "stack-length": "9",
      "title": "How to install signal",
      "unit": "1-instant-messaging",
      "images": [],
      "type": "howto",
      "subtype": "howto",
      "category": [
           "platform:android"
          , "protect:content"],
      "contents": "</p>\n<h1 id=\"-3-configuring-signal\">(3) Configuring Signal</h1>\n<ul>\n<li>Importing Messages</li>\n<li>Making Signal the Default Message App</li>\n<li>Encrypted Storage</li>\n</ul>\n<h1 id=\"importing-messages\">Importing Messages</h1>\n<p>As Signal can securely store your SMS messages, so it is recommended that you import the messages from your current SMS app.</p>\n<p>Step 1: After registration is complete, Signal will open and you will be asked if you want to import your messages from the default SMS app on your phone. Press <img src=\"https://securityinabox.org/sbox/screen/textsecure-en-1/012.png\" alt=\"\"></p>\n<p><img src=\"https://securityinabox.org/sbox/screen/textsecure-en-1/013.png\" alt=\"\">\nFigure 7: Import messages into Signal</p>\n<p>Once the import is complete you can access all your old messages in Signal and you should delete them from your other application.</p>\n<p>"
    }
  ,
    {
      "stack": "6-howto-signal-install-android-content",
      "stack-index": "7",
      "stack-length": "9",
      "title": "How to install signal",
      "unit": "1-instant-messaging",
      "images": [],
      "type": "howto",
      "subtype": "howto",
      "category": [
           "platform:android"
          , "protect:content"],
      "contents": "</p>\n<h1 id=\"making-signal-the-default-message-app\">Making Signal the Default Message App</h1>\n<p>After your old messages have been imported you should make Signal the default SMS application so that all messages you receive appear in it and not the old application. This can be done by tapping <img src=\"https://securityinabox.org/sbox/screen/textsecure-en-1/012.png\" alt=\"\"> when prompted.</p>\n<p><img src=\"https://securityinabox.org/sbox/screen/textsecure-en-1/014.png\" alt=\"\">\nFigure 8: Set Signal as the default SMS application</p>\n<p>"
    }
  ,
    {
      "stack": "6-howto-signal-install-android-content",
      "stack-index": "8",
      "stack-length": "9",
      "title": "How to install signal",
      "unit": "1-instant-messaging",
      "images": [],
      "type": "howto",
      "subtype": "howto",
      "category": [
           "platform:android"
          , "protect:content"],
      "contents": "</p>\n<h1 id=\"encrypted-storage\">Encrypted Storage</h1>\n<p>Signal also allows you to store all your messages in an encrypted container protected by a passphrase, so if someone gains access to your phone, they will not be able to access your messages when Signal is locked. After a set period of time, if you have not looked at any messages, Signal will automatically lock and you will have to enter your passphrase the next time you want to read your messages.</p>\n<p>Step 1: Tap on  in the top right of your screen to bring up the menu and select .</p>\n<p>Step 2: Scroll down to the PASSPHRASE section and uncheck Disable Password.</p>\n<p>Step 3: When prompted enter a passphrase that will be used to protect the messages stored on your phone and tap .</p>\n<p><img src=\"https://securityinabox.org/sbox/screen/textsecure-en-1/018.png\" alt=\"\"></p>\n<p><img src=\"https://securityinabox.org/sbox/screen/textsecure-en-1/019.png\" alt=\"\">\nFigure 9 &amp; 10: passphrase options and setting a password"
    }
  ,
    {
      "stack": "6-howto-signal-install-android-content",
      "stack-index": "9",
      "stack-length": "9",
      "title": "How to install signal",
      "unit": "1-instant-messaging",
      "images": [],
      "type": "howto",
      "subtype": "howto",
      "category": [
           "platform:android"
          , "protect:content"],
      "contents": "Step 4: Check the box next to Timeout passphrase to have Signal lock after a period of inactivity (See Fig 9 above).</p>\n<p>Step 5: Tap Timeout interval and in the next screen enter after what time you want Signal to lock if unused and tap .</p>\n<p><img src=\"https://securityinabox.org/sbox/screen/textsecure-en-1/021.png\" alt=\"\">\nFigure 11: Signal timeout settings</p>"
    }
  ,
    {
      "stack": "7-howto-signal-messaging-android-content",
      "stack-index": "1",
      "stack-length": "10",
      "title": "How to send and receive with Signal",
      "unit": "1-instant-messaging",
      "images": [],
      "type": "howto",
      "subtype": "howto",
      "category": [
           "platform:android"
          , "protect:content"],
      "contents": "<p>Below are the steps that you will take to send and receive encrypted text using Signal:</p>\n<ul>\n<li>Sending and Receiving messages</li>\n<li>Messaging Individuals</li>\n<li>Messaging Groups</li>\n<li>Identity Verification</li>\n<li>Reading Fingerprints</li>\n<li>Scanning Fingerprints</li>\n<li>Export your messages</li>\n</ul>\n<p>"
    }
  ,
    {
      "stack": "7-howto-signal-messaging-android-content",
      "stack-index": "2",
      "stack-length": "10",
      "title": "How to send and receive with Signal",
      "unit": "1-instant-messaging",
      "images": [],
      "type": "howto",
      "subtype": "howto",
      "category": [
           "platform:android"
          , "protect:content"],
      "contents": "</p>\n<h1 id=\"-1-sending-and-receiving-messages-\"><strong>[1] Sending and Receiving messages</strong></h1>\n<p><strong>Note:</strong> To send encrypted messages to your contacts, they must also have Signal installed, otherwise the message will be sent as an insecure SMS.</p>\n<p>Signal can send messages as SMS using your mobile phone company to relay the message. With this option, even if your recipient is using Signal and the SMS is encrypted, your mobile phone company will know that you are sending a (encrypted) message to this particular recipient. </p>\n<p>If your phone is connected to the Internet, either using a data connection offered by your mobile phone company or using local wifi, Signal will instead send the message over an encrypted connection with a WhisperSync server. In this instance, your mobile phone company will not know who you are sending your messages to.</p>\n<p>"
    }
  ,
    {
      "stack": "7-howto-signal-messaging-android-content",
      "stack-index": "3",
      "stack-length": "10",
      "title": "How to send and receive with Signal",
      "unit": "1-instant-messaging",
      "images": [],
      "type": "howto",
      "subtype": "howto",
      "category": [
           "platform:android"
          , "protect:content"],
      "contents": "</p>\n<h1 id=\"-2-messaging-individuals-\"><strong>[2] Messaging Individuals</strong></h1>\n<p><strong>Step 1:</strong> Open Signal and tap at the top of your screen to bring up your contact list.</p>\n<p><strong>Step 2:</strong> Tap on the contact you wish to message.</p>\n<p>Note: The contact list will display at the top all your contacts who also use Signal (under the Signal Users heading) and then your full contact list (including Signal users) in the All Contacts section.</p>\n<p><img src=\"{{site.baseurl}}/media/12.png\" alt=\"12.png\">\nFigure 1: Signal contact list</p>\n<p><strong>Step 3:</strong> Compose your message in the box and tap to send.</p>\n<p>Note If you send a message to another Signal user and you are connected to the Internet, the default option is to send it via Internet. If you want to send an encrypted SMS (using your mobile phone company) or an insecure SMS instead of an encrypted message long press to bring up the alternative sending options.</p>\n<p><img src=\"{{site.baseurl}}/media/2s.png\" alt=\"2s.png\"></p>\n<p><img src=\"{{site.baseurl}}/media/3s.png\" alt=\"3s.png\">\nFigure 2 &amp; 3: Sent message / Alternative sending options</p>\n<p>"
    }
  ,
    {
      "stack": "7-howto-signal-messaging-android-content",
      "stack-index": "4",
      "stack-length": "10",
      "title": "How to send and receive with Signal",
      "unit": "1-instant-messaging",
      "images": [],
      "type": "howto",
      "subtype": "howto",
      "category": [
           "platform:android"
          , "protect:content"],
      "contents": "</p>\n<h1 id=\"_things-you-should-know_\"><em>Things You Should Know</em></h1>\n<p>Your sent messages are given different background colours / indicators to help you identify how they were sent:</p>\n<p>Blue with a icon: The message was sent encrypted via Internet.</p>\n<p><img src=\"{{site.baseurl}}/media/4s.png\" alt=\"4s.png\">\nFigure 4: Encrypted message send via mobile data</p>\n<p>Green with a icon: The message was sent as an encrypted SMS.</p>\n<p><img src=\"{{site.baseurl}}/media/5s.png\" alt=\"5s.png\">\nFigure 5: Encrypted SMS</p>\n<p>Green: The message was sent as an insecure SMS.</p>\n<p><img src=\"{{site.baseurl}}/media/6s.png\" alt=\"6s.png\">\nFigure 6: Insecure SMS</p>\n<p>A icon in your message indicates that it has been delivered. Note: the only appears by default when messages are sent via Internet; to see them when sending SMS you need to enable SMS delivery report in settings.</p>\n<p>The messages you receive from your contact will always be grey. If they have a icon, they were received encrypted. If there is no icon <strong>the message was received insecurely.</strong></p>\n<p>"
    }
  ,
    {
      "stack": "7-howto-signal-messaging-android-content",
      "stack-index": "5",
      "stack-length": "10",
      "title": "How to send and receive with Signal",
      "unit": "1-instant-messaging",
      "images": [],
      "type": "howto",
      "subtype": "howto",
      "category": [
           "platform:android"
          , "protect:content"],
      "contents": "</p>\n<h1 id=\"-3-messaging-groups-\"><strong>[3] Messaging Groups</strong></h1>\n<p>Signal also allows you to message multiple people at once.</p>\n<p>Note: If at least one of the people you are messaging does not use Signal, the messages will be sent as an MMS and not encrypted.</p>\n<p><strong>Step 1:</strong> Tap on in the top right of your screen to bring up the menu and select </p>\n<p><strong>Step 2:</strong> Enter a name for your chat group and tap to add your contacts.</p>\n<p><strong>Step 3:</strong> Tap the box to the right of each contacts name to add them to the group and press.</p>\n<p><img src=\"{{site.baseurl}}/media/7s.png\" alt=\"7s.png\"></p>\n<p><img src=\"{{site.baseurl}}/media/8s.png\" alt=\"8s.png\">\nFigure 7 &amp; 8: Contact selection &amp; Group Creation</p>\n<p><strong>Step 4:</strong> Tap to complete the creation of the group and be brought back to the Signal main screen.</p>\n<p><strong>Step 5:</strong> Tap on the group you have created and begin messaging the group.</p>\n<p><img src=\"{{site.baseurl}}/media/9s.png\" alt=\"9s.png\">\nFigure 9: Group conversation</p>\n<p>"
    }
  ,
    {
      "stack": "7-howto-signal-messaging-android-content",
      "stack-index": "6",
      "stack-length": "10",
      "title": "How to send and receive with Signal",
      "unit": "1-instant-messaging",
      "images": [],
      "type": "howto",
      "subtype": "howto",
      "category": [
           "platform:android"
          , "protect:content"],
      "contents": "</p>\n<h1 id=\"-4-sending-files\">[4] Sending Files</h1>\n<p>Signal allows you to send images, video and audio files to your contact.</p>\n<p><strong>Step 1:</strong> Start a conversation with the person you want to send the file to.</p>\n<p><strong>Step 2:</strong> Tap on in the top right of your screen to bring up the menu and select .</p>\n<p><strong>Step 3:</strong> Choose from the list the type of file that you want to send - Picture / Video / Audio</p>\n<p><strong>Step 4:</strong> Select the file you want to send.</p>\n<p><strong>Step 5:</strong> Verify that the file you want to send is in the compose window and press to send.</p>\n<p><img src=\"{{site.baseurl}}/media/10s.png\" alt=\"10s.png\"></p>\n<p><img src=\"{{site.baseurl}}/media/11s.png\" alt=\"11s.png\">\nFigure 10 &amp; 11: File type selection / Image sent to contact</p>\n<p>"
    }
  ,
    {
      "stack": "7-howto-signal-messaging-android-content",
      "stack-index": "7",
      "stack-length": "10",
      "title": "How to send and receive with Signal",
      "unit": "1-instant-messaging",
      "images": [],
      "type": "howto",
      "subtype": "howto",
      "category": [
           "platform:android"
          , "protect:content"],
      "contents": "</p>\n<h1 id=\"-5-identity-verification\">[5] Identity Verification</h1>\n<p>To confirm that the messages you are sending and receiving are with the right person, you should both verify your Signal identities with each other.</p>\n<h1 id=\"-6-reading-fingerprints\">[6] Reading Fingerprints</h1>\n<p>The Following steps will need to be performed by both parties.</p>\n<p><strong>Step 1:</strong> Open an existing conversation with your contact and tap at the top of the screen.</p>\n<p><strong>Step 2:</strong> Tap from the pull-down menu.</p>\n<p><strong>Step 3:</strong>You will be presented with a 66-character fingerprint of your Signal identity and that of your contacts. These should be read to each other, and verify that you both have the same fingerprints for each other, either in person or via a medium that allows you to confirm visually or audibly to whom you are talking.</p>\n<p><img src=\"{{site.baseurl}}/media/13s.png\" alt=\"13s.png\">\nFigure 12: Signal fingerprints</p>\n<p>"
    }
  ,
    {
      "stack": "7-howto-signal-messaging-android-content",
      "stack-index": "8",
      "stack-length": "10",
      "title": "How to send and receive with Signal",
      "unit": "1-instant-messaging",
      "images": [],
      "type": "howto",
      "subtype": "howto",
      "category": [
           "platform:android"
          , "protect:content"],
      "contents": "</p>\n<h1 id=\"-7-scanning-fingerprints\">[7] Scanning Fingerprints</h1>\n<p><strong>Note:</strong> To verify fingerprints by scanning you need to have Barcode Scanner installed on your phone. If it is not available on your phone at the time of scanning Signal will download and install the app for you.</p>\n<p>The Following steps will need to be performed by both parties.</p>\n<p><strong>Step 1:</strong> Open an existing conversation with your contact and tap at the top of the screen.</p>\n<p><strong>Step 2:</strong> Tap from the pull-down menu.</p>\n<p><strong>Step 3:</strong> You will be presented with a 66-character fingerprint of your Signal identity and that of your contacts.</p>\n<p><strong>Step 4:</strong> On both your phones tap on .</p>\n<p><strong>Step 5:</strong> On your phone tap and your contact should tap . Your contact&#39;s phone will display a QR code and your phone will open Barcode Scanner.</p>\n<p><strong>Step 6:</strong> Use Barcode Scanner on your phone to scan your contact&#39;s QR code.</p>\n<p><img src=\"{{site.baseurl}}/media/14s.png\" alt=\"14s.png\"></p>\n<p><img src=\"{{site.baseurl}}/media/15s.png\" alt=\"15s.png\">\nFigure 13 &amp; 14: Your contact&#39;s QR code / Barcode scanner</p>\n<p>"
    }
  ,
    {
      "stack": "7-howto-signal-messaging-android-content",
      "stack-index": "9",
      "stack-length": "10",
      "title": "How to send and receive with Signal",
      "unit": "1-instant-messaging",
      "images": [],
      "type": "howto",
      "subtype": "howto",
      "category": [
           "platform:android"
          , "protect:content"],
      "contents": "<strong>Step 7:</strong> Once the QR code has been successfully scanned Signal will check that the identity is valid.</p>\n<p><img src=\"{{site.baseurl}}/media/16s.png\" alt=\"16s.png\">\nFigure 15: Signal identity verified</p>\n<p><strong>Step 8:</strong> Once you have verified your contact&#39;s Signal identity, they should repeat the above steps to verify yours.</p>\n<p>"
    }
  ,
    {
      "stack": "7-howto-signal-messaging-android-content",
      "stack-index": "10",
      "stack-length": "10",
      "title": "How to send and receive with Signal",
      "unit": "1-instant-messaging",
      "images": [],
      "type": "howto",
      "subtype": "howto",
      "category": [
           "platform:android"
          , "protect:content"],
      "contents": "</p>\n<h1 id=\"-8-export-your-messages\">[8] Export your messages</h1>\n<p>Note: While Signal allows you to export your messages, the messages in the backup file will not be encrypted and you should take additional steps to protect its contents.</p>\n<p><strong>Step 1:</strong> Tap on in the top right of the main Signal screen to bring up the menu and select .</p>\n<p><strong>Step 2:</strong> The next screen will open on the import options, tap .</p>\n<p><strong>Step 3:</strong> On the export screen tap .</p>\n<p><strong>Step 4:</strong> Confirm that you want to export the unencrypted messages to the storage on your phone by tapping .</p>\n<p><strong>Step 5:</strong> Signal will confirm the export has completed by displaying . You will find a file called Textsecure.xml on your phone&#39;s storage that contains your unencrypted messages.</p>\n<p><img src=\"{{site.baseurl}}/media/17s.png\" alt=\"17s.png\"></p>\n<p><img src=\"{{site.baseurl}}/media/18s.png\" alt=\"18s.png\">\nFigure 16 &amp; 17: Signal Export and Export confirmation screens</p>"
    }
  ,
    {
      "stack": "8-howto-signal-voice-android-content",
      "stack-index": "1",
      "stack-length": "2",
      "title": "Make a call with Signal",
      "unit": "1-instant-messaging",
      "images": [],
      "type": "howto",
      "subtype": "howto",
      "category": [
           "platform:android"
          , "protect:content"],
      "contents": "<p>Make a call</p>\n<p>Tap on a contact. If they have Signal there will be a padlock on the top right of the screen.</p>\n<p>Call your contact. \nWhen your contact answers you&#39;ll see two words.\nSay one word to your friend and ask them to say the other word. \nThis makes sure you are both who you say you are.</p>\n<p><img src=\"{{site.baseurl}}/media/10s.png\" alt=\"10s.png\"></p>\n<p>"
    }
  ,
    {
      "stack": "8-howto-signal-voice-android-content",
      "stack-index": "2",
      "stack-length": "2",
      "title": "Make a call with Signal",
      "unit": "1-instant-messaging",
      "images": [],
      "type": "howto",
      "subtype": "howto",
      "category": [
           "platform:android"
          , "protect:content"],
      "contents": "</p>\n<h1 id=\"take-a-call-with-signal\">Take a call with Signal</h1>\n<p>When you get a signal call, you&#39;ll see on your screen &quot;SIGNAL CALL&quot;</p>\n<p>When you answer you&#39;ll see two words. \nSay one word to your friend and ask them to say the other world. \nThis makes sure you are both who you say you are.</p>\n<p><img src=\"{{site.baseurl}}/media/11s.png\" alt=\"11s.png\"></p>"
    }
  ,
    {
      "stack": "9-next",
      "stack-index": "1",
      "stack-length": "1",
      "title": "Next",
      "unit": "1-instant-messaging",
      "images": [],
      "type": "card",
      "subtype": "next",
      "category": [],
      "contents": "<ul>\n<li><a href=\"safe-social-networks-who-can-access\">Who can access the information I am putting online?</a></li>\n<li><a href=\"safe-social-networks-who-controls\">Who controls and owns the information I put into a social networking site?</a></li>\n<li><a href=\"safe-social-networks-what-is-shared\">What information about me are my contacts passing on to other people?</a></li>\n<li><a href=\"safe-social-networks-consent\">Will my contacts mind if I share information about them with other people?</a></li>\n<li><a href=\"safe-social-networks-establishing-trust\">Do I trust everyone with whom I&#39;m connected?</a></li>\n</ul>"
    }
  ]
}
  