{
  "slug": "practice-3-safe-phones_0-get-started",
  "type": "unit",
  "title": "Getting Started",
  "parentTitle": "Safe Phones",
  "locale": "en",
  "categories": [],
  "updatedAt": "2017-10-07T15:55:09.644Z",
  "cards": [
    {
      "stack": "1-1-intro",
      "stack-index": "1",
      "stack-length": "1",
      "title": "Safe phones",
      "unit": "0-get-started",
      "images": [],
      "type": "card",
      "subtype": "intro",
      "category": [],
      "contents": "<ul>\n<li><strong>Learn the basics of using mobile phones securely</strong></li>\n</ul>"
    }
  ,
    {
      "stack": "1-2-takeaways",
      "stack-index": "1",
      "stack-length": "1",
      "title": "Learn about",
      "unit": "0-get-started",
      "images": [],
      "type": "card",
      "subtype": "takeaways",
      "category": [],
      "contents": "<ul>\n<li><strong>Basics of communicating securely on smart phones</strong></li>\n</ul>"
    }
  ,
    {
      "stack": "2-scenario",
      "stack-index": "1",
      "stack-length": "1",
      "title": "Scenario",
      "unit": "0-get-started",
      "images": [],
      "type": "card",
      "subtype": "scenario",
      "category": [],
      "contents": "<p>Kargi is the director of a human rights NGO based in an East African country. His organization is planning an upcoming civil rights event. He wants to use social media to widely publicize his upcoming civil rights campaign. He however fears that adversaries could intercept his communication and interfere with the event. Kargi plans on how best to communicate without revealing what is communicated and whom he is communicating with.</p>"
    }
  ,
    {
      "stack": "3-learn",
      "stack-index": "1",
      "stack-length": "7",
      "title": "Safer communication on a smart phone",
      "unit": "0-get-started",
      "images": [],
      "type": "card",
      "subtype": "learn",
      "category": [],
      "contents": "<h1 id=\"your-phone-can-reveal-your-identity\">Your phone can reveal your identity</h1>\n<p>Be aware that your smart phone is generally tied to your identity. This happens through billing, account services or SIM card registration. Your phone can also reveal your location."
    }
  ,
    {
      "stack": "3-learn",
      "stack-index": "2",
      "stack-length": "7",
      "title": "Safer communication on a smart phone",
      "unit": "0-get-started",
      "images": [],
      "type": "card",
      "subtype": "learn",
      "category": [],
      "contents": "</p>\n<h1 id=\"encryption-does-not-hide-your-identity\">Encryption does not hide your identity</h1>\n<p>Encrypted messaging tools do not protect you from sharing this, but they do help protect the content of your communication."
    }
  ,
    {
      "stack": "3-learn",
      "stack-index": "3",
      "stack-length": "7",
      "title": "Safer communication on a smart phone",
      "unit": "0-get-started",
      "images": [],
      "type": "card",
      "subtype": "learn",
      "category": [],
      "contents": "</p>\n<h1 id=\"secure-android-messaging-apps-\">Secure Android messaging apps:</h1>\n<p>ChatSecure by The Guardian Project integrates with desktop chat Clients like Jitsi and Pidgin (using Gchat or Jabber/XMPP) and adds end-to-end encryption and the ability to send encrypted files, photos and audio."
    }
  ,
    {
      "stack": "3-learn",
      "stack-index": "4",
      "stack-length": "7",
      "title": "Safer communication on a smart phone",
      "unit": "0-get-started",
      "images": [],
      "type": "card",
      "subtype": "learn",
      "category": [],
      "contents": "</p>\n<h1 id=\"secure-android-messaging-apps-\">Secure Android messaging apps:</h1>\n<p>With csipsimple you can also make secure calls (such as from Ostel)."
    }
  ,
    {
      "stack": "3-learn",
      "stack-index": "5",
      "stack-length": "7",
      "title": "Safer communication on a smart phone",
      "unit": "0-get-started",
      "images": [],
      "type": "card",
      "subtype": "learn",
      "category": [],
      "contents": "</p>\n<h1 id=\"secure-android-messaging-apps-\">Secure Android messaging apps:</h1>\n<p>RedPhone (for voice) and TextSecure (for SMS) by WhisperSystems are good, but both you and the person you are communicating with must be on Android (with these tools installed) in order for these tools to work."
    }
  ,
    {
      "stack": "3-learn",
      "stack-index": "6",
      "stack-length": "7",
      "title": "Safer communication on a smart phone",
      "unit": "0-get-started",
      "images": [],
      "type": "card",
      "subtype": "learn",
      "category": [],
      "contents": "</p>\n<h1 id=\"secure-android-messaging-apps-\">Secure Android messaging apps:</h1>\n<p>Orbot by The Guardian Project and the Tor Project allows you to access the web, instant messaging and email without being monitored or blocked by their mobile internet service provider. For more information, refer to the Orbot lesson"
    }
  ,
    {
      "stack": "3-learn",
      "stack-index": "7",
      "stack-length": "7",
      "title": "Safer communication on a smart phone",
      "unit": "0-get-started",
      "images": [],
      "type": "card",
      "subtype": "learn",
      "category": [],
      "contents": "This is the end of the lesson. Please click the Home button on your left to go back to the menu.</p>"
    }
  ]
}
  