{
  "slug": "tool-41-veracrypt_1-standard-volume",
  "type": "unit",
  "title": "Create a standard encrypted volume",
  "parentTitle": "Use Veracrypt",
  "locale": "en",
  "categories": [],
  "updatedAt": "2017-10-01T09:05:07.869Z",
  "cards": [
    {
      "stack": "1-1-intro",
      "stack-index": "1",
      "stack-length": "1",
      "title": "Create a standard encrypted volume",
      "unit": "1-standard-volume",
      "images": [],
      "type": "card",
      "subtype": "intro",
      "category": [],
      "contents": "<p>Learn how to create a standard volume using Veracrypt</p>"
    }
  ,
    {
      "stack": "1-2-takeaways",
      "stack-index": "1",
      "stack-length": "1",
      "title": "Learn how to",
      "unit": "1-standard-volume",
      "images": [],
      "type": "card",
      "subtype": "takeaways",
      "category": [],
      "contents": "<ul>\n<li><a href=\"topics/tool-5-veracrypt/1-standard-volume/3-howto-standard.md\">Create a standard encrypted volume using VeraCrypt</a></li>\n</ul>"
    }
  ,
    {
      "stack": "2-scenario",
      "stack-index": "1",
      "stack-length": "2",
      "title": "Scenario",
      "unit": "1-standard-volume",
      "images": [],
      "type": "card",
      "subtype": "scenario",
      "category": [],
      "contents": "<p>Mansour is an investigative journalist who wants to share the app with his source Magda who has a sensitive story about government corruption. She wants to enable Magda to communicate safely and share documents."
    }
  ,
    {
      "stack": "2-scenario",
      "stack-index": "2",
      "stack-length": "2",
      "title": "Scenario",
      "unit": "1-standard-volume",
      "images": [],
      "type": "card",
      "subtype": "scenario",
      "category": [],
      "contents": "He needs to be careful to share the app and its content in ways that doesn&#39;t allow to link them together to protect Magda as a source.</p>"
    }
  ,
    {
      "stack": "3-howto-standard",
      "stack-index": "1",
      "stack-length": "34",
      "title": "Create a standard encrypted volume",
      "unit": "1-standard-volume",
      "images": [],
      "type": "howto",
      "subtype": "howto",
      "category": [],
      "contents": "<h1 id=\"step-1-open-veracrypt\">Step 1. Open Veracrypt</h1>\n<p>Launch VeraCrypt to open the main application window\n<img src=\"01.png\" alt=\"01.png\">"
    }
  ,
    {
      "stack": "3-howto-standard",
      "stack-index": "2",
      "stack-length": "34",
      "title": "Create a standard encrypted volume",
      "unit": "1-standard-volume",
      "images": [],
      "type": "howto",
      "subtype": "howto",
      "category": [],
      "contents": "</p>\n<h1 id=\"step-2-begin-the-volume-creation-wizard\">Step 2. Begin the Volume Creation Wizard</h1>\n<p>Click [Create Volume] to activate the following VeraCrypt Volume Creation Wizard window\n<img src=\"02.png\" alt=\"02.png\">"
    }
  ,
    {
      "stack": "3-howto-standard",
      "stack-index": "3",
      "stack-length": "34",
      "title": "Create a standard encrypted volume",
      "unit": "1-standard-volume",
      "images": [],
      "type": "howto",
      "subtype": "howto",
      "category": [],
      "contents": "</p>\n<h1 id=\"container-files\">Container files</h1>\n<p>A VeraCrypt container file is an encrypted volume that is stored within a single file. This container can be renamed, moved, copied or deleted like any other file."
    }
  ,
    {
      "stack": "3-howto-standard",
      "stack-index": "4",
      "stack-length": "34",
      "title": "Create a standard encrypted volume",
      "unit": "1-standard-volume",
      "images": [],
      "type": "howto",
      "subtype": "howto",
      "category": [],
      "contents": "</p>\n<h1 id=\"step-3-choose-the-type-of-volume-to-create\">Step 3. Choose the type of volume to create</h1>\n<p>Click [Next] to select which type of volume you would like to create:\n<img src=\"03.png\" alt=\"03.png\">"
    }
  ,
    {
      "stack": "3-howto-standard",
      "stack-index": "5",
      "stack-length": "34",
      "title": "Create a standard encrypted volume",
      "unit": "1-standard-volume",
      "images": [],
      "type": "howto",
      "subtype": "howto",
      "category": [],
      "contents": "</p>\n<h1 id=\"step-4-choose-a-name-and-location\">Step 4. Choose a name and location</h1>\n<p>Make sure that Standard VeraCrypt Volume is selected and click [Next] to choose a name and location for your VeraCrypt container file.\n<img src=\"04.png\" alt=\"04.png\">"
    }
  ,
    {
      "stack": "3-howto-standard",
      "stack-index": "6",
      "stack-length": "34",
      "title": "Create a standard encrypted volume",
      "unit": "1-standard-volume",
      "images": [],
      "type": "howto",
      "subtype": "howto",
      "category": [],
      "contents": "</p>\n<h1 id=\"step-5-choose-where-your-volume-lives\">Step 5. Choose where your volume lives</h1>\n<p>Click [Select File…] to choose a location for your VeraCrypt container file and specify a name for it.\n<img src=\"05.png\" alt=\"05.png\">"
    }
  ,
    {
      "stack": "3-howto-standard",
      "stack-index": "7",
      "stack-length": "34",
      "title": "Create a standard encrypted volume",
      "unit": "1-standard-volume",
      "images": [],
      "type": "howto",
      "subtype": "howto",
      "category": [],
      "contents": "</p>\n<h1 id=\"step-6-find-your-encrypted-volume\">Step 6. Find your encrypted volume</h1>\n<p>Navigate to the folder in which you would like to create your container"
    }
  ,
    {
      "stack": "3-howto-standard",
      "stack-index": "8",
      "stack-length": "34",
      "title": "Create a standard encrypted volume",
      "unit": "1-standard-volume",
      "images": [],
      "type": "howto",
      "subtype": "howto",
      "category": [],
      "contents": "</p>\n<h1 id=\"step-7-name-your-encrypted-volume\">Step 7. Name your encrypted volume</h1>\n<p>Choose a filename for your container and type it into the field at the top of the window"
    }
  ,
    {
      "stack": "3-howto-standard",
      "stack-index": "9",
      "stack-length": "34",
      "title": "Create a standard encrypted volume",
      "unit": "1-standard-volume",
      "images": [],
      "type": "howto",
      "subtype": "howto",
      "category": [],
      "contents": "</p>\n<h1 id=\"make-sure-it-s-a-new-name\">Make sure it&#39;s a new name</h1>\n<p>Do not select a file that already exists! And be sure to remember where you put your container and what you call it."
    }
  ,
    {
      "stack": "3-howto-standard",
      "stack-index": "10",
      "stack-length": "34",
      "title": "Create a standard encrypted volume",
      "unit": "1-standard-volume",
      "images": [],
      "type": "howto",
      "subtype": "howto",
      "category": [],
      "contents": "</p>\n<h1 id=\"remember-where-you-save-it\">Remember where you save it</h1>\n<p>In this example, we created a container called volume on the Desktop, but your container can have any filename and any file extension."
    }
  ,
    {
      "stack": "3-howto-standard",
      "stack-index": "11",
      "stack-length": "34",
      "title": "Create a standard encrypted volume",
      "unit": "1-standard-volume",
      "images": [],
      "type": "howto",
      "subtype": "howto",
      "category": [],
      "contents": "</p>\n<h1 id=\"be-creative-with-names\">Be creative with names</h1>\n<p>For example, you can name your container recipes.docx or holidays.mpg in hopes that a casual observer will think it is a Microsoft Word document or a video file."
    }
  ,
    {
      "stack": "3-howto-standard",
      "stack-index": "12",
      "stack-length": "34",
      "title": "Create a standard encrypted volume",
      "unit": "1-standard-volume",
      "images": [],
      "type": "howto",
      "subtype": "howto",
      "category": [],
      "contents": "</p>\n<h1 id=\"hidden-in-plain-sight\">Hidden in plain sight</h1>\n<p>This is one way you can help disguise the existence of a VeraCrypt container, but it will not work against someone with the time and resources to search your device thoroughly."
    }
  ,
    {
      "stack": "3-howto-standard",
      "stack-index": "13",
      "stack-length": "34",
      "title": "Create a standard encrypted volume",
      "unit": "1-standard-volume",
      "images": [],
      "type": "howto",
      "subtype": "howto",
      "category": [],
      "contents": "</p>\n<h1 id=\"usb-storage-devices\">USB storage devices</h1>\n<p>If you want to create a VeraCrypt container on a USB storage device, simply navigate to the device (rather than to a folder on your computer) before choosing a filename."
    }
  ,
    {
      "stack": "3-howto-standard",
      "stack-index": "14",
      "stack-length": "34",
      "title": "Create a standard encrypted volume",
      "unit": "1-standard-volume",
      "images": [],
      "type": "howto",
      "subtype": "howto",
      "category": [],
      "contents": "</p>\n<h1 id=\"step-8-save-your-encrypted-volume\">Step 8. Save your encrypted volume</h1>\n<p> Click [Save] once you have determined a location and chosen name for your VeraCrypt container file:\n<img src=\"06.png\" alt=\"06.png\">"
    }
  ,
    {
      "stack": "3-howto-standard",
      "stack-index": "15",
      "stack-length": "34",
      "title": "Create a standard encrypted volume",
      "unit": "1-standard-volume",
      "images": [],
      "type": "howto",
      "subtype": "howto",
      "category": [],
      "contents": "</p>\n<h1 id=\"step-9-configure-your-encryption-options\">Step 9. Configure your encryption Options</h1>\n<p>Click [Next] to configure your Encryption Options\n<img src=\"07.png\" alt=\"07.png\">"
    }
  ,
    {
      "stack": "3-howto-standard",
      "stack-index": "16",
      "stack-length": "34",
      "title": "Create a standard encrypted volume",
      "unit": "1-standard-volume",
      "images": [],
      "type": "howto",
      "subtype": "howto",
      "category": [],
      "contents": "</p>\n<h1 id=\"step-10-configure-volume-size\">Step 10. Configure volume size</h1>\n<p>Click [Next] to select a volume size\n<img src=\"08.png\" alt=\"08.png\">"
    }
  ,
    {
      "stack": "3-howto-standard",
      "stack-index": "17",
      "stack-length": "34",
      "title": "Create a standard encrypted volume",
      "unit": "1-standard-volume",
      "images": [],
      "type": "howto",
      "subtype": "howto",
      "category": [],
      "contents": "</p>\n<h1 id=\"specify-size\">Specify size</h1>\n<p>The Volume Size window lets you specify the size of the container you are about to create. In this section, we will create a 250 MB volume, but you might want to specify a different size."
    }
  ,
    {
      "stack": "3-howto-standard",
      "stack-index": "18",
      "stack-length": "34",
      "title": "Create a standard encrypted volume",
      "unit": "1-standard-volume",
      "images": [],
      "type": "howto",
      "subtype": "howto",
      "category": [],
      "contents": "</p>\n<h1 id=\"consider-types-of-files\">Consider types of files</h1>\n<p>Consider the number of files — and, more importantly, the types of files — you intend to store in your encrypted volume. Image files and videos, in particular, can fill up a small VeraCrypt container very quickly."
    }
  ,
    {
      "stack": "3-howto-standard",
      "stack-index": "19",
      "stack-length": "34",
      "title": "Create a standard encrypted volume",
      "unit": "1-standard-volume",
      "images": [],
      "type": "howto",
      "subtype": "howto",
      "category": [],
      "contents": "</p>\n<h1 id=\"saving-to-a-cd\">Saving to a CD</h1>\n<p>If you think you might want to backup your container file on a CD, you should choose a size that is 700 MB or less."
    }
  ,
    {
      "stack": "3-howto-standard",
      "stack-index": "20",
      "stack-length": "34",
      "title": "Create a standard encrypted volume",
      "unit": "1-standard-volume",
      "images": [],
      "type": "howto",
      "subtype": "howto",
      "category": [],
      "contents": "</p>\n<h1 id=\"saving-to-a-dvd\">Saving to a DVD</h1>\n<p>For a DVD backup, it should be 4.5 GB or less. If you intend to upload the container file to an online storage service, you will have to determine a reasonable size based on the speed of your Internet connection."
    }
  ,
    {
      "stack": "3-howto-standard",
      "stack-index": "21",
      "stack-length": "34",
      "title": "Create a standard encrypted volume",
      "unit": "1-standard-volume",
      "images": [],
      "type": "howto",
      "subtype": "howto",
      "category": [],
      "contents": "</p>\n<h1 id=\"specify-correct-value\">Specify correct value</h1>\n<p>Type the size of the volume you would like to create. Make sure you select the correct value for KB (kilobytes), MB (megabytes), GB (gigabytes) or TB (terabytes)."
    }
  ,
    {
      "stack": "3-howto-standard",
      "stack-index": "22",
      "stack-length": "34",
      "title": "Create a standard encrypted volume",
      "unit": "1-standard-volume",
      "images": [],
      "type": "howto",
      "subtype": "howto",
      "category": [],
      "contents": "</p>\n<h1 id=\"step-12-choose-a-passphrase\">Step 12. Choose a passphrase</h1>\n<p>Click [Next] to choose a passphrase and refer to the <a href=\"topics/understand-4-digisec/2-passwords/1-1-intro.md\">password lesson</a> to learn how to do so safely\n<img src=\"09.png\" alt=\"09.png\">"
    }
  ,
    {
      "stack": "3-howto-standard",
      "stack-index": "23",
      "stack-length": "34",
      "title": "Create a standard encrypted volume",
      "unit": "1-standard-volume",
      "images": [],
      "type": "howto",
      "subtype": "howto",
      "category": [],
      "contents": "</p>\n<h1 id=\"step-13-enter-your-new-passphrase\">Step 13. Enter your new passphrase</h1>\n<p>Type your passphrase and then re-type it into the Confirm field to activate the Next button."
    }
  ,
    {
      "stack": "3-howto-standard",
      "stack-index": "24",
      "stack-length": "34",
      "title": "Create a standard encrypted volume",
      "unit": "1-standard-volume",
      "images": [],
      "type": "howto",
      "subtype": "howto",
      "category": [],
      "contents": "</p>\n<p>#Step 14. Select filesystem type\nClick [Next] to select a filesystem type\n<img src=\"10.png\" alt=\"10.png\">"
    }
  ,
    {
      "stack": "3-howto-standard",
      "stack-index": "25",
      "stack-length": "34",
      "title": "Create a standard encrypted volume",
      "unit": "1-standard-volume",
      "images": [],
      "type": "howto",
      "subtype": "howto",
      "category": [],
      "contents": "</p>\n<h1 id=\"choosing-appropriate-type\">Choosing appropriate type</h1>\n<p>The default value (&quot;FAT&quot;) will work for most people and is compatible with Linux, Windows and Mac OS X computers. However, if you intend to store files that are larger than 4 GB (for a single file), then you will have to select a different Filesystem type."
    }
  ,
    {
      "stack": "3-howto-standard",
      "stack-index": "26",
      "stack-length": "34",
      "title": "Create a standard encrypted volume",
      "unit": "1-standard-volume",
      "images": [],
      "type": "howto",
      "subtype": "howto",
      "category": [],
      "contents": "</p>\n<h1 id=\"consider-relevant-operating-system\">Consider relevant operating system</h1>\n<p>Linux Ext2 will only work on Linux computers, and NTFS will work on Windows computers and most Linux computers."
    }
  ,
    {
      "stack": "3-howto-standard",
      "stack-index": "27",
      "stack-length": "34",
      "title": "Create a standard encrypted volume",
      "unit": "1-standard-volume",
      "images": [],
      "type": "howto",
      "subtype": "howto",
      "category": [],
      "contents": "</p>\n<h1 id=\"step-15-add-random-data\">Step 15. Add random data</h1>\n<p>Click [Next] after choosing an appropriate Filesystem type\n<img src=\"11.png\" alt=\"11.png\">"
    }
  ,
    {
      "stack": "3-howto-standard",
      "stack-index": "28",
      "stack-length": "34",
      "title": "Create a standard encrypted volume",
      "unit": "1-standard-volume",
      "images": [],
      "type": "howto",
      "subtype": "howto",
      "category": [],
      "contents": "</p>\n<h1 id=\"creating-random-data\">Creating random data</h1>\n<p>VeraCrypt is now ready to create a standard encrypted volume within a container file. If you move your mouse within the VeraCrypt Volume Creation Wizard window, it will produce random data that will help strengthen the encryption."
    }
  ,
    {
      "stack": "3-howto-standard",
      "stack-index": "29",
      "stack-length": "34",
      "title": "Create a standard encrypted volume",
      "unit": "1-standard-volume",
      "images": [],
      "type": "howto",
      "subtype": "howto",
      "category": [],
      "contents": "</p>\n<h1 id=\"step-16-create-your-standard-volume\">Step 16. Create your standard volume</h1>\n<p>Click [Format] to begin creating your standard volume."
    }
  ,
    {
      "stack": "3-howto-standard",
      "stack-index": "30",
      "stack-length": "34",
      "title": "Create a standard encrypted volume",
      "unit": "1-standard-volume",
      "images": [],
      "type": "howto",
      "subtype": "howto",
      "category": [],
      "contents": "VeraCrypt will let you know when it has finished creating your encrypted volume.\n<img src=\"12.png\" alt=\"12.png\">"
    }
  ,
    {
      "stack": "3-howto-standard",
      "stack-index": "31",
      "stack-length": "34",
      "title": "Create a standard encrypted volume",
      "unit": "1-standard-volume",
      "images": [],
      "type": "howto",
      "subtype": "howto",
      "category": [],
      "contents": "</p>\n<h1 id=\"step-17-click-ok-\">Step 17. Click [OK]</h1>\n<p><img src=\"13.png\" alt=\"13.png\">"
    }
  ,
    {
      "stack": "3-howto-standard",
      "stack-index": "32",
      "stack-length": "34",
      "title": "Create a standard encrypted volume",
      "unit": "1-standard-volume",
      "images": [],
      "type": "howto",
      "subtype": "howto",
      "category": [],
      "contents": "</p>\n<h1 id=\"step-18-close-the-veracrypt-volume-\">Step 18. Close the VeraCrypt volume.</h1>\n<p>"
    }
  ,
    {
      "stack": "3-howto-standard",
      "stack-index": "33",
      "stack-length": "34",
      "title": "Create a standard encrypted volume",
      "unit": "1-standard-volume",
      "images": [],
      "type": "howto",
      "subtype": "howto",
      "category": [],
      "contents": "Click [Exit] to close the VeraCrypt Volume Creation Wizard and return to VeraCrypt&#39;s main window. (If you click [Next], VeraCrypt will begin walking you through the process of creating another encrypted volume.)"
    }
  ,
    {
      "stack": "3-howto-standard",
      "stack-index": "34",
      "stack-length": "34",
      "title": "Create a standard encrypted volume",
      "unit": "1-standard-volume",
      "images": [],
      "type": "howto",
      "subtype": "howto",
      "category": [],
      "contents": "</p>\n<h1 id=\"done-\">Done!</h1>\n<p>You should now see your 250 MB container file in the location you chose in Step 6.</p>"
    }
  ]
}
  