{
  "slug": "tool-21-orbot_0-getting-started",
  "type": "unit",
  "title": "Getting Started",
  "parentTitle": "Browse Privately with Orbot",
  "locale": "en",
  "categories": [],
  "updatedAt": "2017-10-07T07:28:56.287Z",
  "cards": [
    {
      "stack": "1-1-intro",
      "stack-index": "1",
      "stack-length": "1",
      "title": "Getting started with Orbot",
      "unit": "0-getting-started",
      "images": [],
      "type": "card",
      "subtype": "intro",
      "category": [],
      "contents": "<p>Learn to use Orbot, the Android-platform app created by the Guardian Project, designed to increase the anonymity of your activities on the Internet.</p>"
    }
  ,
    {
      "stack": "1-2-takeaways",
      "stack-index": "1",
      "stack-length": "1",
      "title": "Learn about",
      "unit": "0-getting-started",
      "images": [],
      "type": "card",
      "subtype": "takeaways",
      "category": [],
      "contents": "<ul>\n<li><a href=\"topics/tool-10-orbot/0-getting-started/3-1-learn.md\">Installing and configuring Orbot</a></li>\n<li><a href=\"topics/tool-10-orbot/0-getting-started/3-2-learn.md\">Use Orbot to remain anonymous online</a></li>\n</ul>"
    }
  ,
    {
      "stack": "3-1-learn",
      "stack-index": "1",
      "stack-length": "1",
      "title": "Installing and configuring Orbot",
      "unit": "0-getting-started",
      "images": [],
      "type": "card",
      "subtype": "learn",
      "category": [],
      "contents": "<p>To learn how to install and configure Orbot, refer to the <a href=\"https://securityinabox.org/en/guide/orbot/android/#install-and-configure-orbot\">detailed guide put together</a> by the Tactical Technology Collective.</p>"
    }
  ,
    {
      "stack": "3-2-learn",
      "stack-index": "1",
      "stack-length": "8",
      "title": "Use Orbot to remain anonymous online",
      "unit": "0-getting-started",
      "images": [],
      "type": "card",
      "subtype": "learn",
      "category": [],
      "contents": "<h1 id=\"step-1-start-orbot\">Step 1: Start Orbot</h1>\n<p>Touch and hold the grey Orbot icon in the centre of the screen until it turns yellow and says Orbot is starting.\n<img src=\"orbot-and-014.png\" alt=\"orbot-and-014.png\">"
    }
  ,
    {
      "stack": "3-2-learn",
      "stack-index": "2",
      "stack-length": "8",
      "title": "Use Orbot to remain anonymous online",
      "unit": "0-getting-started",
      "images": [],
      "type": "card",
      "subtype": "learn",
      "category": [],
      "contents": "</p>\n<h1 id=\"step-2-confirm-you-have-connected\">Step 2: Confirm you have connected</h1>\n<p>The first time you start Orbot a notification will appear to confirm you connected successfully to the Tor network. Tap  <img src=\"orbot-and-016.png\" alt=\"orbot-and-016.png\"> to see the green Orbot indication that Orbot is running.\n<img src=\"orbot-and-018.png\" alt=\"orbot-and-018.png\">"
    }
  ,
    {
      "stack": "3-2-learn",
      "stack-index": "3",
      "stack-length": "8",
      "title": "Use Orbot to remain anonymous online",
      "unit": "0-getting-started",
      "images": [],
      "type": "card",
      "subtype": "learn",
      "category": [],
      "contents": "<strong>Note:</strong> You will only see the notification screen the first time you start Orbot after installation."
    }
  ,
    {
      "stack": "3-2-learn",
      "stack-index": "4",
      "stack-length": "8",
      "title": "Use Orbot to remain anonymous online",
      "unit": "0-getting-started",
      "images": [],
      "type": "card",
      "subtype": "learn",
      "category": [],
      "contents": "</p>\n<h1 id=\"step-3-disconnect\">Step 3: Disconnect</h1>\n<p>To disconnect Orbot you touch and hold the green Orbot until it turns grey. Or if you want to disconnect and quit Orbot, tap the menu icon (<img src=\"orbot-and-019.png\" alt=\"orbot-and-019.png\">) in the top right of the screen and select <img src=\"orbot-and-020.png\" alt=\"orbot-and-020.png\">.</p>\n<p><img src=\"orbot-and-021.png\" alt=\"orbot-and-021.png\">"
    }
  ,
    {
      "stack": "3-2-learn",
      "stack-index": "5",
      "stack-length": "8",
      "title": "Use Orbot to remain anonymous online",
      "unit": "0-getting-started",
      "images": [],
      "type": "card",
      "subtype": "learn",
      "category": [],
      "contents": "</p>\n<h1 id=\"route-your-communication-through-orbot\">Route your communication through Orbot</h1>\n<p>In order to browse or chat on the internet anonymously, you need to install an app (browser or chat) which can route your communication through a proxy in conjunction with Orbot."
    }
  ,
    {
      "stack": "3-2-learn",
      "stack-index": "6",
      "stack-length": "8",
      "title": "Use Orbot to remain anonymous online",
      "unit": "0-getting-started",
      "images": [],
      "type": "card",
      "subtype": "learn",
      "category": [],
      "contents": "Refer to the related guides Tactical Technology Collective has put together for using <a href=\"https://securityinabox.org/en/guide/orweb/android/\">Orweb</a> and <b>ChatSecure</b> with Orbot."
    }
  ,
    {
      "stack": "3-2-learn",
      "stack-index": "7",
      "stack-length": "8",
      "title": "Use Orbot to remain anonymous online",
      "unit": "0-getting-started",
      "images": [],
      "type": "card",
      "subtype": "learn",
      "category": [],
      "contents": "</p>\n<h1 id=\"step-4-create-a-new-orbot-identity\">Step 4: Create a new Orbot identity</h1>\n<p>If at any stage you want to appear to come from a new location, you can get a new identity from Orbot by swiping left or right on the green Orbot image."
    }
  ,
    {
      "stack": "3-2-learn",
      "stack-index": "8",
      "stack-length": "8",
      "title": "Use Orbot to remain anonymous online",
      "unit": "0-getting-started",
      "images": [],
      "type": "card",
      "subtype": "learn",
      "category": [],
      "contents": "</p>\n<h1 id=\"recieve-confirmation\">Recieve confirmation</h1>\n<p>The image will briefly spin and then display You&#39;ve switched to a new Tor Identity.\n<img src=\"orbot-and-022.png\" alt=\"orbot-and-022.png\"></p>"
    }
  ]
}
  