{
  "slug": "practice-1-emergencies_2-account-hijacked",
  "type": "unit",
  "title": "Hijacked Account",
  "parentTitle": "Deal with Emergencies",
  "locale": "en",
  "categories": [],
  "updatedAt": "2017-10-01T09:36:24.519Z",
  "cards": [
    {
      "stack": "1-1-intro",
      "stack-index": "1",
      "stack-length": "1",
      "title": "Seeking help",
      "unit": "2-account-hijacked",
      "images": [ "unit.svg"],
      "type": "card",
      "subtype": "intro",
      "category": [],
      "contents": "<p>Steps to take if you suspect your online accounts are hijacked.</p>"
    }
  ,
    {
      "stack": "1-2-takeaways",
      "stack-index": "1",
      "stack-length": "1",
      "title": "Learn how to",
      "unit": "2-account-hijacked",
      "images": [],
      "type": "card",
      "subtype": "takeaways",
      "category": [],
      "contents": "<ul>\n<li><a href=\"topics/practice-1-emergencies/2-account-hijacked/3-1-learn.md\">Get back control of your account</a></li>\n<li><a href=\"topics/practice-1-emergencies/2-account-hijacked/3-2-learn.md\">Confirm if your account has been hijacked</a></li>\n<li><a href=\"topics/practice-1-emergencies/2-account-hijacked/3-4-learn.md\">Deal with being locked out of your account</a></li>\n<li>Or swipe to continue...</li>\n</ul>"
    }
  ,
    {
      "stack": "2-scenario",
      "stack-index": "1",
      "stack-length": "2",
      "title": "A suspicious email...",
      "unit": "2-account-hijacked",
      "images": [],
      "type": "card",
      "subtype": "scenario",
      "category": [],
      "contents": "<p>Rose receives an email from her service provider alerting her that her social media account password has recently changed. She suspects her social media account has been hijacked."
    }
  ,
    {
      "stack": "2-scenario",
      "stack-index": "2",
      "stack-length": "2",
      "title": "A suspicious email...",
      "unit": "2-account-hijacked",
      "images": [],
      "type": "card",
      "subtype": "scenario",
      "category": [],
      "contents": "She needs to know if she still has access to the account, and if not, who she can reach out to for help. Rose is worried that if she doesn&#39;t regain control, her social media account will be used to hurt her reputation.</p>"
    }
  ,
    {
      "stack": "3-1-learn",
      "stack-index": "1",
      "stack-length": "6",
      "title": "Get back control of your account",
      "unit": "2-account-hijacked",
      "images": [ "recap1.svg"],
      "type": "card",
      "subtype": "learn",
      "category": [],
      "contents": "<h1 id=\"use-a-different-computer\">Use a different computer</h1>\n<p>Move to a different computer that you believe to be safe or uncompromised. If you continue using an unsafe computer, you risk putting yourself and others at harm."
    }
  ,
    {
      "stack": "3-1-learn",
      "stack-index": "2",
      "stack-length": "6",
      "title": "Get back control of your account",
      "unit": "2-account-hijacked",
      "images": [ "recap1.svg"],
      "type": "card",
      "subtype": "learn",
      "category": [],
      "contents": "</p>\n<h1 id=\"change-your-password\">Change your password</h1>\n<p>Log into your account from the new computer and change the password on your account. Changing your password is the fastest way to regain control of your account."
    }
  ,
    {
      "stack": "3-1-learn",
      "stack-index": "3",
      "stack-length": "6",
      "title": "Get back control of your account",
      "unit": "2-account-hijacked",
      "images": [ "recap1.svg"],
      "type": "card",
      "subtype": "learn",
      "category": [],
      "contents": "</p>\n<h1 id=\"change-passwords-for-linked-accounts\">Change passwords for linked accounts</h1>\n<p>Change the passwords for all your other online accounts that are linked to your hijacked account. For example, if you are looking at an email account and it is the recovery address for another account, change the password for that account as well."
    }
  ,
    {
      "stack": "3-1-learn",
      "stack-index": "4",
      "stack-length": "6",
      "title": "Get back control of your account",
      "unit": "2-account-hijacked",
      "images": [ "recap1.svg"],
      "type": "card",
      "subtype": "learn",
      "category": [],
      "contents": "</p>\n<h1 id=\"is-account-hijacked-\">Is account hijacked?</h1>\n<p>Now time to confirm if your suspicions are founded? The next instructions will help you determine if your account has been hijacked."
    }
  ,
    {
      "stack": "3-1-learn",
      "stack-index": "5",
      "stack-length": "6",
      "title": "Get back control of your account",
      "unit": "2-account-hijacked",
      "images": [ "recap1.svg"],
      "type": "card",
      "subtype": "learn",
      "category": [],
      "contents": "</p>\n<h1 id=\"stop-using-account\">Stop using account</h1>\n<p>Until you better understand the situation we recommend you stop using this account for sharing sensitive information."
    }
  ,
    {
      "stack": "3-1-learn",
      "stack-index": "6",
      "stack-length": "6",
      "title": "Get back control of your account",
      "unit": "2-account-hijacked",
      "images": [ "recap1.svg"],
      "type": "card",
      "subtype": "learn",
      "category": [],
      "contents": "</p>\n<blockquote>\n<p>Change your password</p>\n</blockquote>"
    }
  ,
    {
      "stack": "3-2-learn",
      "stack-index": "1",
      "stack-length": "4",
      "title": "Confirm if your account has been hijacked",
      "unit": "2-account-hijacked",
      "images": [ "recap2.svg"],
      "type": "card",
      "subtype": "learn",
      "category": [],
      "contents": "<h1 id=\"review-account-history\">Review account history</h1>\n<p>For some platforms (e.g. Facebook, Gmail), it is possible to review connection history and account activity. This will let you know if your account has been accessed by someone else."
    }
  ,
    {
      "stack": "3-2-learn",
      "stack-index": "2",
      "stack-length": "4",
      "title": "Confirm if your account has been hijacked",
      "unit": "2-account-hijacked",
      "images": [ "recap2.svg"],
      "type": "card",
      "subtype": "learn",
      "category": [],
      "contents": "</p>\n<h1 id=\"unfamiliar-location\">Unfamiliar location</h1>\n<p>Check to see if your account was accessed at a time when you were not online or if your account was accessed from an unfamiliar location or IP address."
    }
  ,
    {
      "stack": "3-2-learn",
      "stack-index": "3",
      "stack-length": "4",
      "title": "Confirm if your account has been hijacked",
      "unit": "2-account-hijacked",
      "images": [ "recap2.svg"],
      "type": "card",
      "subtype": "learn",
      "category": [],
      "contents": "</p>\n<h1 id=\"are-you-using-tor-\">Are you using Tor?</h1>\n<p>Be mindful that if you are using the Tor browser or a VPN service, it is possible that the location or IP address may differ from the location you have accessed the platform."
    }
  ,
    {
      "stack": "3-2-learn",
      "stack-index": "4",
      "stack-length": "4",
      "title": "Confirm if your account has been hijacked",
      "unit": "2-account-hijacked",
      "images": [ "recap2.svg"],
      "type": "card",
      "subtype": "learn",
      "category": [],
      "contents": "</p>\n<blockquote>\n<p>Review our account activity</p>\n</blockquote>"
    }
  ,
    {
      "stack": "3-3-learn",
      "stack-index": "1",
      "stack-length": "3",
      "title": "Other places to check for suspicious activity",
      "unit": "2-account-hijacked",
      "images": [],
      "type": "card",
      "subtype": "learn",
      "category": [],
      "contents": "<h1 id=\"step-1-email-forwarding\">Step 1: Email forwarding</h1>\n<p>Check for suspicious addresses which your email might be automatically forwarding your emails to."
    }
  ,
    {
      "stack": "3-3-learn",
      "stack-index": "2",
      "stack-length": "3",
      "title": "Other places to check for suspicious activity",
      "unit": "2-account-hijacked",
      "images": [],
      "type": "card",
      "subtype": "learn",
      "category": [],
      "contents": "</p>\n<h1 id=\"step-2-password-recovery\">Step 2: Password recovery</h1>\n<p>Also check email addresses or phone numbers listed when you&#39;re resetting your password (this might be called password recovery settings)."
    }
  ,
    {
      "stack": "3-3-learn",
      "stack-index": "3",
      "stack-length": "3",
      "title": "Other places to check for suspicious activity",
      "unit": "2-account-hijacked",
      "images": [],
      "type": "card",
      "subtype": "learn",
      "category": [],
      "contents": "</p>\n<h1 id=\"step-3-other-account-permissions\">Step 3: Other account permissions</h1>\n<p>Also look at the settings for the synchronisation to your phone, permissions to applications or other account permissions.</p>"
    }
  ,
    {
      "stack": "3-4-learn",
      "stack-index": "1",
      "stack-length": "5",
      "title": "Deal with being locked out of your account",
      "unit": "2-account-hijacked",
      "images": [],
      "type": "card",
      "subtype": "learn",
      "category": [],
      "contents": "<h1 id=\"password-reset\">Password reset</h1>\n<p>If you cannot log into your account, use the password reset or recovery link."
    }
  ,
    {
      "stack": "3-4-learn",
      "stack-index": "2",
      "stack-length": "5",
      "title": "Deal with being locked out of your account",
      "unit": "2-account-hijacked",
      "images": [],
      "type": "card",
      "subtype": "learn",
      "category": [],
      "contents": "</p>\n<h1 id=\"changing-your-password\">Changing your password</h1>\n<p>Some providers will send a link to change your password to your recovery email address, while other platforms reset it to your last password."
    }
  ,
    {
      "stack": "3-4-learn",
      "stack-index": "3",
      "stack-length": "5",
      "title": "Deal with being locked out of your account",
      "unit": "2-account-hijacked",
      "images": [],
      "type": "card",
      "subtype": "learn",
      "category": [],
      "contents": "</p>\n<h1 id=\"contact-your-provider\">Contact your provider</h1>\n<p>If these steps do not work and your account is being abused, contact the platform provider directly. Most providers have a &quot;Support&quot; page where you can find out how to do this."
    }
  ,
    {
      "stack": "3-4-learn",
      "stack-index": "4",
      "stack-length": "5",
      "title": "Deal with being locked out of your account",
      "unit": "2-account-hijacked",
      "images": [],
      "type": "card",
      "subtype": "learn",
      "category": [],
      "contents": "</p>\n<h1 id=\"helpful-organisations\">Helpful organisations</h1>\n<p>There are a number of <a href=\"topics/practice-1-emergencies/1-seeking-help/3-5-learn.md\">organizations</a> which can help you with this process."
    }
  ,
    {
      "stack": "3-4-learn",
      "stack-index": "5",
      "stack-length": "5",
      "title": "Deal with being locked out of your account",
      "unit": "2-account-hijacked",
      "images": [],
      "type": "card",
      "subtype": "learn",
      "category": [],
      "contents": "</p>\n<blockquote>\n</blockquote>"
    }
  ,
    {
      "stack": "4-test",
      "stack-index": "1",
      "stack-length": "1",
      "title": "Test",
      "unit": "2-account-hijacked",
      "images": [],
      "type": "activity",
      "subtype": "test",
      "category": [],
      "contents": "<quiz name=\"Gitbook Quiz\">\n    <question multiple>\n        <p>What is gitbook used for?</p>\n        <answer correct>To read books</answer>\n        <answer>To book hotel named git</answer>\n        <answer correct>To write and publish beautiful books</answer>\n        <explanation>GitBook.com lets you write, publish and manage your books online as a service.</explanation>\n    </question>\n    <question>\n        <p>Is it quiz?</p>\n        <answer correct>Yes</answer>\n        <answer>No</answer>\n    </question>\n</quiz>"
    }
  ,
    {
      "stack": "5-next",
      "stack-index": "1",
      "stack-length": "1",
      "title": "Next",
      "unit": "2-account-hijacked",
      "images": [],
      "type": "card",
      "subtype": "next",
      "category": [],
      "contents": "<hr>\n<ul>\n<li>en/topics/practice-1-emergencies/0-getting-started: Find out about other types of emergencies</li>\n<li>en/topics/understand-2-security/0-getting-started: Dig deeper on various aspects of security</li>\n<li>en/topics/understand-3-opsec/0-getting-started: Find out about what operational security or opsec means</li>\n<li>en/topics/understand-4-digisec/0-getting-started: Learn more about important concepts of digital security</li>\n<li>en/topics/pratice-4-safe-social-networks/0-getting-started: Find out more about social networking platforms.</li>\n</ul>\n<hr>\n<p>To learn more about dealing with emergencies, see also:</p>\n<ul>\n<li>RiseUp <a href=\"https://help.riseup.net/en/security\">Communications Security</a></li>\n<li>Guardian Project <a href=\"https://guardianproject.info/howto/\">How to on Mobile Security</a></li>\n</ul>"
    }
  ]
}
  