{
  "slug": "tool-11-signal_1-messaging",
  "type": "unit",
  "title": "Messaging",
  "parentTitle": "Communication with Signal",
  "locale": "en",
  "categories": [
       "platform:android"
      , "platform:android"
      , "platform:android"
      , "platform:android"
      , "platform:android"
      , "platform:android"
      , "platform:android"],
  "updatedAt": "2017-10-07T16:33:01.504Z",
  "cards": [
    {
      "stack": "1-1-intro",
      "stack-index": "1",
      "stack-length": "1",
      "title": "Use Signal for encrypted messaging",
      "unit": "1-messaging",
      "images": [],
      "type": "card",
      "subtype": "intro",
      "category": [],
      "contents": "<ul>\n<li><strong>Learn to use Signal for encrypted messaging</strong></li>\n</ul>"
    }
  ,
    {
      "stack": "1-2-takeaways",
      "stack-index": "1",
      "stack-length": "1",
      "title": "Learn how to",
      "unit": "1-messaging",
      "images": [],
      "type": "card",
      "subtype": "takeaways",
      "category": [],
      "contents": "<ul>\n<li><strong>Send and receive messages</strong></li>\n<li><strong>Message Individuals</strong></li>\n<li><strong>Message Groups</strong></li>\n<li><strong>Send files</strong></li>\n<li><strong>Verify identities</strong></li>\n<li><strong>Read and scan fingerprints</strong></li>\n<li><strong>Export your messages</strong></li>\n</ul>"
    }
  ,
    {
      "stack": "3-1-howto-android",
      "stack-index": "1",
      "stack-length": "4",
      "title": "Send and Receive messages",
      "unit": "1-messaging",
      "images": [],
      "type": "howto",
      "subtype": "howto",
      "category": [
           "platform:android"],
      "contents": "<h1 id=\"you-and-your-contact-need-signal-installed\">You and your contact need Signal installed</h1>\n<p>To send encrypted messages to your contacts, they must also have Signal installed, otherwise the message will be sent as an insecure SMS."
    }
  ,
    {
      "stack": "3-1-howto-android",
      "stack-index": "2",
      "stack-length": "4",
      "title": "Send and Receive messages",
      "unit": "1-messaging",
      "images": [],
      "type": "howto",
      "subtype": "howto",
      "category": [
           "platform:android"],
      "contents": "</p>\n<h1 id=\"sending-via-sms\">Sending via SMS</h1>\n<p>Signal can send messages as SMS using your mobile phone company to relay the message. With this option, even if your recipient is using Signal and the SMS is encrypted, your mobile phone company will know that you are sending a (encrypted) message to this particular recipient."
    }
  ,
    {
      "stack": "3-1-howto-android",
      "stack-index": "3",
      "stack-length": "4",
      "title": "Send and Receive messages",
      "unit": "1-messaging",
      "images": [],
      "type": "howto",
      "subtype": "howto",
      "category": [
           "platform:android"],
      "contents": "</p>\n<h1 id=\"sending-via-the-internet\">Sending via the Internet</h1>\n<p>If your phone is connected to the Internet, either using a data connection offered by your mobile phone company or using local wifi, Signal will instead send the message over an encrypted connection with a WhisperSync server."
    }
  ,
    {
      "stack": "3-1-howto-android",
      "stack-index": "4",
      "stack-length": "4",
      "title": "Send and Receive messages",
      "unit": "1-messaging",
      "images": [],
      "type": "howto",
      "subtype": "howto",
      "category": [
           "platform:android"],
      "contents": "</p>\n<h1 id=\"protecting-your-privacy\">Protecting your privacy</h1>\n<p>In this instance, your mobile phone company will not know who you are sending your messages to.</p>"
    }
  ,
    {
      "stack": "3-2-howto-android",
      "stack-index": "1",
      "stack-length": "17",
      "title": "Message Individuals",
      "unit": "1-messaging",
      "images": [],
      "type": "howto",
      "subtype": "howto",
      "category": [
           "platform:android"],
      "contents": "<h1 id=\"step-1-open-signal\">Step 1: Open Signal</h1>\n<p>Open Signal and tap at the top of your screen to bring up your contact list."
    }
  ,
    {
      "stack": "3-2-howto-android",
      "stack-index": "2",
      "stack-length": "17",
      "title": "Message Individuals",
      "unit": "1-messaging",
      "images": [],
      "type": "howto",
      "subtype": "howto",
      "category": [
           "platform:android"],
      "contents": "</p>\n<h1 id=\"step-2-select-contact\">Step 2: Select contact</h1>\n<p>Tap on the contact you wish to message."
    }
  ,
    {
      "stack": "3-2-howto-android",
      "stack-index": "3",
      "stack-length": "17",
      "title": "Message Individuals",
      "unit": "1-messaging",
      "images": [],
      "type": "howto",
      "subtype": "howto",
      "category": [
           "platform:android"],
      "contents": "<strong>Note:</strong> The contact list will display at the top all your contacts who also use Signal (under the Signal Users heading) and then your full contact list (including Signal users) in the All Contacts section."
    }
  ,
    {
      "stack": "3-2-howto-android",
      "stack-index": "4",
      "stack-length": "17",
      "title": "Message Individuals",
      "unit": "1-messaging",
      "images": [],
      "type": "howto",
      "subtype": "howto",
      "category": [
           "platform:android"],
      "contents": "<img src=\"12.png\" alt=\"12.png\"></p>\n<blockquote>\n<p>Figure 1: Signal contact list</p>\n</blockquote>\n<p>"
    }
  ,
    {
      "stack": "3-2-howto-android",
      "stack-index": "5",
      "stack-length": "17",
      "title": "Message Individuals",
      "unit": "1-messaging",
      "images": [],
      "type": "howto",
      "subtype": "howto",
      "category": [
           "platform:android"],
      "contents": "</p>\n<h1 id=\"step-3-write-your-message\">Step 3: Write your message</h1>\n<p>Compose your message in the box and tap to send."
    }
  ,
    {
      "stack": "3-2-howto-android",
      "stack-index": "6",
      "stack-length": "17",
      "title": "Message Individuals",
      "unit": "1-messaging",
      "images": [],
      "type": "howto",
      "subtype": "howto",
      "category": [
           "platform:android"],
      "contents": "<strong>Note:</strong> If you send a message to another Signal user and you are connected to the Internet, the default option is to send it via Internet."
    }
  ,
    {
      "stack": "3-2-howto-android",
      "stack-index": "7",
      "stack-length": "17",
      "title": "Message Individuals",
      "unit": "1-messaging",
      "images": [],
      "type": "howto",
      "subtype": "howto",
      "category": [
           "platform:android"],
      "contents": "<img src=\"2s.png\" alt=\"2s.png\"></p>\n<blockquote>\n<p>Sent message</p>\n</blockquote>\n<p>"
    }
  ,
    {
      "stack": "3-2-howto-android",
      "stack-index": "8",
      "stack-length": "17",
      "title": "Message Individuals",
      "unit": "1-messaging",
      "images": [],
      "type": "howto",
      "subtype": "howto",
      "category": [
           "platform:android"],
      "contents": "If you want to send an encrypted SMS (using your mobile phone company) or an insecure SMS instead of an encrypted message long press to bring up the alternative sending options."
    }
  ,
    {
      "stack": "3-2-howto-android",
      "stack-index": "9",
      "stack-length": "17",
      "title": "Message Individuals",
      "unit": "1-messaging",
      "images": [],
      "type": "howto",
      "subtype": "howto",
      "category": [
           "platform:android"],
      "contents": "</p>\n<p><img src=\"3s.png\" alt=\"3s.png\"></p>\n<blockquote>\n<p>Alternative sending options</p>\n</blockquote>\n<p>"
    }
  ,
    {
      "stack": "3-2-howto-android",
      "stack-index": "10",
      "stack-length": "17",
      "title": "Message Individuals",
      "unit": "1-messaging",
      "images": [],
      "type": "howto",
      "subtype": "howto",
      "category": [
           "platform:android"],
      "contents": "</p>\n<h1 id=\"things-you-should-know\">Things You Should Know</h1>\n<p>Your sent messages are given different background colours / indicators to help you identify how they were sent:"
    }
  ,
    {
      "stack": "3-2-howto-android",
      "stack-index": "11",
      "stack-length": "17",
      "title": "Message Individuals",
      "unit": "1-messaging",
      "images": [],
      "type": "howto",
      "subtype": "howto",
      "category": [
           "platform:android"],
      "contents": "</p>\n<h1 id=\"encrypted-via-internet\">Encrypted via Internet</h1>\n<p>Blue with a icon: The message was sent encrypted via Internet."
    }
  ,
    {
      "stack": "3-2-howto-android",
      "stack-index": "12",
      "stack-length": "17",
      "title": "Message Individuals",
      "unit": "1-messaging",
      "images": [],
      "type": "howto",
      "subtype": "howto",
      "category": [
           "platform:android"],
      "contents": "<img src=\"4s.png\" alt=\"4s.png\"></p>\n<blockquote>\n<p>Encrypted message send via mobile data</p>\n</blockquote>\n<p>"
    }
  ,
    {
      "stack": "3-2-howto-android",
      "stack-index": "13",
      "stack-length": "17",
      "title": "Message Individuals",
      "unit": "1-messaging",
      "images": [],
      "type": "howto",
      "subtype": "howto",
      "category": [
           "platform:android"],
      "contents": "</p>\n<h1 id=\"encrypted-sms\">Encrypted SMS</h1>\n<p>Green with a icon: The message was sent as an encrypted SMS."
    }
  ,
    {
      "stack": "3-2-howto-android",
      "stack-index": "14",
      "stack-length": "17",
      "title": "Message Individuals",
      "unit": "1-messaging",
      "images": [],
      "type": "howto",
      "subtype": "howto",
      "category": [
           "platform:android"],
      "contents": "<img src=\"5s.png\" alt=\"5s.png\"></p>\n<blockquote>\n<p>Encrypted SMS</p>\n</blockquote>\n<p>"
    }
  ,
    {
      "stack": "3-2-howto-android",
      "stack-index": "15",
      "stack-length": "17",
      "title": "Message Individuals",
      "unit": "1-messaging",
      "images": [],
      "type": "howto",
      "subtype": "howto",
      "category": [
           "platform:android"],
      "contents": "</p>\n<h1 id=\"insecure-sms\">Insecure SMS</h1>\n<p>Green: The message was sent as an insecure SMS."
    }
  ,
    {
      "stack": "3-2-howto-android",
      "stack-index": "16",
      "stack-length": "17",
      "title": "Message Individuals",
      "unit": "1-messaging",
      "images": [],
      "type": "howto",
      "subtype": "howto",
      "category": [
           "platform:android"],
      "contents": "<img src=\"6s.png\" alt=\"6s.png\"></p>\n<blockquote>\n<p>Insecure SMS</p>\n</blockquote>\n<p>"
    }
  ,
    {
      "stack": "3-2-howto-android",
      "stack-index": "17",
      "stack-length": "17",
      "title": "Message Individuals",
      "unit": "1-messaging",
      "images": [],
      "type": "howto",
      "subtype": "howto",
      "category": [
           "platform:android"],
      "contents": "</p>\n<h1 id=\"delivery-notification\">Delivery notification</h1>\n<p>A icon in your message indicates that it has been delivered.\n<b><strong>Note:</strong></b> this only appears by default when messages are sent via Internet; to see them when sending SMS you need to enable SMS delivery report in settings.\n<b><strong>Note:</strong></b> The messages you receive from your contact will always be grey. If they have a icon, they were received encrypted. If there is no icon <strong>the message was received insecurely.</strong></p>"
    }
  ,
    {
      "stack": "3-3-howto-android",
      "stack-index": "1",
      "stack-length": "9",
      "title": "Message groups",
      "unit": "1-messaging",
      "images": [],
      "type": "howto",
      "subtype": "howto",
      "category": [
           "platform:android"],
      "contents": "<h1 id=\"basics\">Basics</h1>\n<p>Signal also allows you to message multiple people at once.\n<b><strong>Note:</strong></b> If at least one of the people you are messaging does not use Signal, the messages will be sent as an MMS and not encrypted."
    }
  ,
    {
      "stack": "3-3-howto-android",
      "stack-index": "2",
      "stack-length": "9",
      "title": "Message groups",
      "unit": "1-messaging",
      "images": [],
      "type": "howto",
      "subtype": "howto",
      "category": [
           "platform:android"],
      "contents": "</p>\n<h1 id=\"step-1-create-new-group\">Step 1: Create new group</h1>\n<p>Tap on the top right of your screen to bring up the menu and select &quot;New group&quot;"
    }
  ,
    {
      "stack": "3-3-howto-android",
      "stack-index": "3",
      "stack-length": "9",
      "title": "Message groups",
      "unit": "1-messaging",
      "images": [],
      "type": "howto",
      "subtype": "howto",
      "category": [
           "platform:android"],
      "contents": "</p>\n<h1 id=\"step-2-name-your-group\">Step 2: Name your group</h1>\n<p>Enter a name for your chat group and tap &quot;+&quot; to add your contacts."
    }
  ,
    {
      "stack": "3-3-howto-android",
      "stack-index": "4",
      "stack-length": "9",
      "title": "Message groups",
      "unit": "1-messaging",
      "images": [],
      "type": "howto",
      "subtype": "howto",
      "category": [
           "platform:android"],
      "contents": "</p>\n<h1 id=\"step-3-add-contacts\">Step 3: Add contacts</h1>\n<p>Tap the box to the right of each contacts name to add them to the group and press the check mark"
    }
  ,
    {
      "stack": "3-3-howto-android",
      "stack-index": "5",
      "stack-length": "9",
      "title": "Message groups",
      "unit": "1-messaging",
      "images": [],
      "type": "howto",
      "subtype": "howto",
      "category": [
           "platform:android"],
      "contents": "<img src=\"7s.png\" alt=\"7s.png\"></p>\n<blockquote>\n<p>Contact selection</p>\n</blockquote>\n<p>"
    }
  ,
    {
      "stack": "3-3-howto-android",
      "stack-index": "6",
      "stack-length": "9",
      "title": "Message groups",
      "unit": "1-messaging",
      "images": [],
      "type": "howto",
      "subtype": "howto",
      "category": [
           "platform:android"],
      "contents": "<img src=\"8s.png\" alt=\"8s.png\"></p>\n<blockquote>\n<p>Group Creation</p>\n</blockquote>\n<p>"
    }
  ,
    {
      "stack": "3-3-howto-android",
      "stack-index": "7",
      "stack-length": "9",
      "title": "Message groups",
      "unit": "1-messaging",
      "images": [],
      "type": "howto",
      "subtype": "howto",
      "category": [
           "platform:android"],
      "contents": "</p>\n<h1 id=\"step-4-complete-group-creation\">Step 4: Complete group creation</h1>\n<p>Tap the checkmark to complete the creation of the group and be brought back to the Signal main screen."
    }
  ,
    {
      "stack": "3-3-howto-android",
      "stack-index": "8",
      "stack-length": "9",
      "title": "Message groups",
      "unit": "1-messaging",
      "images": [],
      "type": "howto",
      "subtype": "howto",
      "category": [
           "platform:android"],
      "contents": "</p>\n<h1 id=\"step-5-start-messaging\">Step 5: Start messaging</h1>\n<p>Tap on the group you have created and begin messaging the group."
    }
  ,
    {
      "stack": "3-3-howto-android",
      "stack-index": "9",
      "stack-length": "9",
      "title": "Message groups",
      "unit": "1-messaging",
      "images": [],
      "type": "howto",
      "subtype": "howto",
      "category": [
           "platform:android"],
      "contents": "<img src=\"9s.png\" alt=\"9s.png\"></p>\n<blockquote>\n<p>Group conversation</p>\n</blockquote>"
    }
  ,
    {
      "stack": "3-4-howto-android",
      "stack-index": "1",
      "stack-length": "8",
      "title": "Send files",
      "unit": "1-messaging",
      "images": [],
      "type": "howto",
      "subtype": "howto",
      "category": [
           "platform:android"],
      "contents": "<h1 id=\"basics\">Basics</h1>\n<p>Signal allows you to send images, video and audio files to your contact."
    }
  ,
    {
      "stack": "3-4-howto-android",
      "stack-index": "2",
      "stack-length": "8",
      "title": "Send files",
      "unit": "1-messaging",
      "images": [],
      "type": "howto",
      "subtype": "howto",
      "category": [
           "platform:android"],
      "contents": "</p>\n<h1 id=\"step-1-start-a-conversation\">Step 1: Start a conversation</h1>\n<p>Start a conversation with the person you want to send the file to."
    }
  ,
    {
      "stack": "3-4-howto-android",
      "stack-index": "3",
      "stack-length": "8",
      "title": "Send files",
      "unit": "1-messaging",
      "images": [],
      "type": "howto",
      "subtype": "howto",
      "category": [
           "platform:android"],
      "contents": "</p>\n<h1 id=\"step-2-\">Step 2:</h1>\n<p>Tap the top right of your screen to bring up the menu and select &quot;Add attachment&quot;"
    }
  ,
    {
      "stack": "3-4-howto-android",
      "stack-index": "4",
      "stack-length": "8",
      "title": "Send files",
      "unit": "1-messaging",
      "images": [],
      "type": "howto",
      "subtype": "howto",
      "category": [
           "platform:android"],
      "contents": "<img src=\"10s.png\" alt=\"10s.png\"></p>\n<blockquote>\n<p>File type selection</p>\n</blockquote>\n<p>"
    }
  ,
    {
      "stack": "3-4-howto-android",
      "stack-index": "5",
      "stack-length": "8",
      "title": "Send files",
      "unit": "1-messaging",
      "images": [],
      "type": "howto",
      "subtype": "howto",
      "category": [
           "platform:android"],
      "contents": "</p>\n<h1 id=\"step-3-select-the-type-of-file\">Step 3: Select the type of file</h1>\n<p>Choose from the list the type of file that you want to send - Picture / Video / Audio"
    }
  ,
    {
      "stack": "3-4-howto-android",
      "stack-index": "6",
      "stack-length": "8",
      "title": "Send files",
      "unit": "1-messaging",
      "images": [],
      "type": "howto",
      "subtype": "howto",
      "category": [
           "platform:android"],
      "contents": "<img src=\"11s.png\" alt=\"11s.png\"></p>\n<blockquote>\n<p>Image sent to contact</p>\n</blockquote>\n<p>"
    }
  ,
    {
      "stack": "3-4-howto-android",
      "stack-index": "7",
      "stack-length": "8",
      "title": "Send files",
      "unit": "1-messaging",
      "images": [],
      "type": "howto",
      "subtype": "howto",
      "category": [
           "platform:android"],
      "contents": "</p>\n<h1 id=\"step-4-select-the-file\">Step 4: Select the file</h1>\n<p>Select the file you want to send."
    }
  ,
    {
      "stack": "3-4-howto-android",
      "stack-index": "8",
      "stack-length": "8",
      "title": "Send files",
      "unit": "1-messaging",
      "images": [],
      "type": "howto",
      "subtype": "howto",
      "category": [
           "platform:android"],
      "contents": "</p>\n<h1 id=\"step-5-verify-the-file\">Step 5: Verify the file</h1>\n<p>Verify that the file you want to send is in the compose window and press to send.</p>"
    }
  ,
    {
      "stack": "3-5-howto-android",
      "stack-index": "1",
      "stack-length": "6",
      "title": "Read fingerprints",
      "unit": "1-messaging",
      "images": [],
      "type": "howto",
      "subtype": "howto",
      "category": [
           "platform:android"],
      "contents": "<h1 id=\"basics\">Basics</h1>\n<p>To confirm that the messages you are sending and receiving are with the right person, you should both verify your Signal identities with each other by verifying fingerprints."
    }
  ,
    {
      "stack": "3-5-howto-android",
      "stack-index": "2",
      "stack-length": "6",
      "title": "Read fingerprints",
      "unit": "1-messaging",
      "images": [],
      "type": "howto",
      "subtype": "howto",
      "category": [
           "platform:android"],
      "contents": "</p>\n<h1 id=\"step-1-open-existing-conversation\">Step 1: Open existing conversation</h1>\n<p>Open an existing conversation with your contact and tap at the top of the screen."
    }
  ,
    {
      "stack": "3-5-howto-android",
      "stack-index": "3",
      "stack-length": "6",
      "title": "Read fingerprints",
      "unit": "1-messaging",
      "images": [],
      "type": "howto",
      "subtype": "howto",
      "category": [
           "platform:android"],
      "contents": "</p>\n<h1 id=\"step-2-verify-identity\">Step 2: Verify identity</h1>\n<p>Tap &quot;Verify Identity&quot; from the pull-down menu."
    }
  ,
    {
      "stack": "3-5-howto-android",
      "stack-index": "4",
      "stack-length": "6",
      "title": "Read fingerprints",
      "unit": "1-messaging",
      "images": [],
      "type": "howto",
      "subtype": "howto",
      "category": [
           "platform:android"],
      "contents": "</p>\n<h1 id=\"step-3-find-fingerprint\">Step 3: Find fingerprint</h1>\n<p>You will be presented with a 66-character fingerprint of your Signal identity and that of your contacts."
    }
  ,
    {
      "stack": "3-5-howto-android",
      "stack-index": "5",
      "stack-length": "6",
      "title": "Read fingerprints",
      "unit": "1-messaging",
      "images": [],
      "type": "howto",
      "subtype": "howto",
      "category": [
           "platform:android"],
      "contents": "<img src=\"13s.png\" alt=\"13s.png\"></p>\n<blockquote>\n<p>Signal fingerprints</p>\n</blockquote>\n<p>"
    }
  ,
    {
      "stack": "3-5-howto-android",
      "stack-index": "6",
      "stack-length": "6",
      "title": "Read fingerprints",
      "unit": "1-messaging",
      "images": [],
      "type": "howto",
      "subtype": "howto",
      "category": [
           "platform:android"],
      "contents": "</p>\n<h1 id=\"step-4-read-fingerprint\">Step 4: Read fingerprint</h1>\n<p>Verify that you both have the same fingerprints for each other, either in person or via a medium that allows you to confirm visually or audibly to whom you are talking.</p>"
    }
  ,
    {
      "stack": "3-6-howto-android",
      "stack-index": "1",
      "stack-length": "12",
      "title": "Scan fingerprints",
      "unit": "1-messaging",
      "images": [],
      "type": "howto",
      "subtype": "howto",
      "category": [
           "platform:android"],
      "contents": "<p><strong>Note:</strong> To verify fingerprints by scanning you need to have Barcode Scanner installed on your phone. If it is not available on your phone at the time of scanning Signal will download and install the app for you."
    }
  ,
    {
      "stack": "3-6-howto-android",
      "stack-index": "2",
      "stack-length": "12",
      "title": "Scan fingerprints",
      "unit": "1-messaging",
      "images": [],
      "type": "howto",
      "subtype": "howto",
      "category": [
           "platform:android"],
      "contents": "</p>\n<h1 id=\"step-1-open-existing-conversation\">Step 1: Open existing conversation</h1>\n<p>Open an existing conversation with your contact and tap at the top of the screen."
    }
  ,
    {
      "stack": "3-6-howto-android",
      "stack-index": "3",
      "stack-length": "12",
      "title": "Scan fingerprints",
      "unit": "1-messaging",
      "images": [],
      "type": "howto",
      "subtype": "howto",
      "category": [
           "platform:android"],
      "contents": "</p>\n<h1 id=\"step-2-verify-identity\">Step 2: Verify identity</h1>\n<p>Tap &quot;Verify identity&quot; from the pull-down menu."
    }
  ,
    {
      "stack": "3-6-howto-android",
      "stack-index": "4",
      "stack-length": "12",
      "title": "Scan fingerprints",
      "unit": "1-messaging",
      "images": [],
      "type": "howto",
      "subtype": "howto",
      "category": [
           "platform:android"],
      "contents": "</p>\n<h1 id=\"step-3-find-fingerprint\">Step 3: Find fingerprint</h1>\n<p>You will be presented with a 66-character fingerprint of your Signal identity and that of your contacts."
    }
  ,
    {
      "stack": "3-6-howto-android",
      "stack-index": "5",
      "stack-length": "12",
      "title": "Scan fingerprints",
      "unit": "1-messaging",
      "images": [],
      "type": "howto",
      "subtype": "howto",
      "category": [
           "platform:android"],
      "contents": "</p>\n<h1 id=\"step-4-click-on-barcode\">Step 4: Click on barcode</h1>\n<p>On both your phones tap on <img src=\"046.png\" alt=\"\">."
    }
  ,
    {
      "stack": "3-6-howto-android",
      "stack-index": "6",
      "stack-length": "12",
      "title": "Scan fingerprints",
      "unit": "1-messaging",
      "images": [],
      "type": "howto",
      "subtype": "howto",
      "category": [
           "platform:android"],
      "contents": "</p>\n<h1 id=\"step-5-prepare-to-scan\">Step 5: Prepare to scan</h1>\n<p>On your phone tap &quot;Scan your key to compare&quot; and your contact should tap &quot;Get my key scanned&quot;. Your contact&#39;s phone will display a QR code and your phone will open Barcode Scanner."
    }
  ,
    {
      "stack": "3-6-howto-android",
      "stack-index": "7",
      "stack-length": "12",
      "title": "Scan fingerprints",
      "unit": "1-messaging",
      "images": [],
      "type": "howto",
      "subtype": "howto",
      "category": [
           "platform:android"],
      "contents": "<img src=\"14s.png\" alt=\"14s.png\"></p>\n<blockquote>\n<p>Your contact&#39;s QR code</p>\n</blockquote>\n<p>"
    }
  ,
    {
      "stack": "3-6-howto-android",
      "stack-index": "8",
      "stack-length": "12",
      "title": "Scan fingerprints",
      "unit": "1-messaging",
      "images": [],
      "type": "howto",
      "subtype": "howto",
      "category": [
           "platform:android"],
      "contents": "</p>\n<h1 id=\"step-6-scan-qr-code\">Step 6: Scan QR code</h1>\n<p>Use Barcode Scanner on your phone to scan your contact&#39;s QR code."
    }
  ,
    {
      "stack": "3-6-howto-android",
      "stack-index": "9",
      "stack-length": "12",
      "title": "Scan fingerprints",
      "unit": "1-messaging",
      "images": [],
      "type": "howto",
      "subtype": "howto",
      "category": [
           "platform:android"],
      "contents": "<img src=\"15s.png\" alt=\"15s.png\"></p>\n<blockquote>\n<p>Barcode scanner</p>\n</blockquote>\n<p>"
    }
  ,
    {
      "stack": "3-6-howto-android",
      "stack-index": "10",
      "stack-length": "12",
      "title": "Scan fingerprints",
      "unit": "1-messaging",
      "images": [],
      "type": "howto",
      "subtype": "howto",
      "category": [
           "platform:android"],
      "contents": "</p>\n<h1 id=\"step-7-check-that-identity-is-valid\">Step 7: Check that identity is valid</h1>\n<p>Once the QR code has been successfully scanned Signal will check that the identity is valid."
    }
  ,
    {
      "stack": "3-6-howto-android",
      "stack-index": "11",
      "stack-length": "12",
      "title": "Scan fingerprints",
      "unit": "1-messaging",
      "images": [],
      "type": "howto",
      "subtype": "howto",
      "category": [
           "platform:android"],
      "contents": "<img src=\"16s.png\" alt=\"16s.png\"></p>\n<blockquote>\n<p>Signal identity verified</p>\n</blockquote>\n<p>"
    }
  ,
    {
      "stack": "3-6-howto-android",
      "stack-index": "12",
      "stack-length": "12",
      "title": "Scan fingerprints",
      "unit": "1-messaging",
      "images": [],
      "type": "howto",
      "subtype": "howto",
      "category": [
           "platform:android"],
      "contents": "</p>\n<h1 id=\"step-8-repeat-to-verify-yours\">Step 8: Repeat to verify yours</h1>\n<p>Once you have verified your contact&#39;s Signal identity, they should repeat the above steps to verify yours.</p>"
    }
  ,
    {
      "stack": "3-7-howto-android",
      "stack-index": "1",
      "stack-length": "8",
      "title": "Export your messages",
      "unit": "1-messaging",
      "images": [],
      "type": "howto",
      "subtype": "howto",
      "category": [
           "platform:android"],
      "contents": "<p><strong>Note:</strong> While Signal allows you to export your messages, the messages in the backup file will not be encrypted and you should take additional steps to protect its contents."
    }
  ,
    {
      "stack": "3-7-howto-android",
      "stack-index": "2",
      "stack-length": "8",
      "title": "Export your messages",
      "unit": "1-messaging",
      "images": [],
      "type": "howto",
      "subtype": "howto",
      "category": [
           "platform:android"],
      "contents": "</p>\n<h1 id=\"step-1-\">Step 1:</h1>\n<p>Tap on the top right of the main Signal screen to bring up the menu and select &quot;Import/Export&quot;"
    }
  ,
    {
      "stack": "3-7-howto-android",
      "stack-index": "3",
      "stack-length": "8",
      "title": "Export your messages",
      "unit": "1-messaging",
      "images": [],
      "type": "howto",
      "subtype": "howto",
      "category": [
           "platform:android"],
      "contents": "</p>\n<h1 id=\"step-2-select\">Step 2: Select</h1>\n<p> The next screen will open on the import options, tap &quot;Export&quot;"
    }
  ,
    {
      "stack": "3-7-howto-android",
      "stack-index": "4",
      "stack-length": "8",
      "title": "Export your messages",
      "unit": "1-messaging",
      "images": [],
      "type": "howto",
      "subtype": "howto",
      "category": [
           "platform:android"],
      "contents": "</p>\n<h1 id=\"step-3-\">Step 3:</h1>\n<p>On the export screen tap &quot;Export plaintext backup&quot;"
    }
  ,
    {
      "stack": "3-7-howto-android",
      "stack-index": "5",
      "stack-length": "8",
      "title": "Export your messages",
      "unit": "1-messaging",
      "images": [],
      "type": "howto",
      "subtype": "howto",
      "category": [
           "platform:android"],
      "contents": "<img src=\"17s.png\" alt=\"17s.png\"></p>\n<blockquote>\n<p>Signal export</p>\n</blockquote>\n<h1 id=\"step-4-\">Step 4:</h1>\n<p>Confirm that you want to export the unencrypted messages to the storage on your phone by tapping &quot;Export&quot;"
    }
  ,
    {
      "stack": "3-7-howto-android",
      "stack-index": "6",
      "stack-length": "8",
      "title": "Export your messages",
      "unit": "1-messaging",
      "images": [],
      "type": "howto",
      "subtype": "howto",
      "category": [
           "platform:android"],
      "contents": "</p>\n<h1 id=\"step-5-\">Step 5:</h1>\n<p>Signal will confirm the export has completed by displaying &quot;Success!&quot; You will find a file called Textsecure.xml on your phone&#39;s storage that contains your unencrypted messages."
    }
  ,
    {
      "stack": "3-7-howto-android",
      "stack-index": "7",
      "stack-length": "8",
      "title": "Export your messages",
      "unit": "1-messaging",
      "images": [],
      "type": "howto",
      "subtype": "howto",
      "category": [
           "platform:android"],
      "contents": "<img src=\"18s.png\" alt=\"18s.png\"></p>\n<blockquote>\n<p>Export confirmation screens"
    }
  ,
    {
      "stack": "3-7-howto-android",
      "stack-index": "8",
      "stack-length": "8",
      "title": "Export your messages",
      "unit": "1-messaging",
      "images": [],
      "type": "howto",
      "subtype": "howto",
      "category": [
           "platform:android"],
      "contents": "This is the end of the lesson. Please click the Home button on your left to go back to the menu.</p>\n</blockquote>"
    }
  ]
}
  