{
  "slug": "understand-2-security_1-your-security",
  "type": "unit",
  "title": "Your Security",
  "parentTitle": "Understand Security",
  "locale": "en",
  "categories": [],
  "updatedAt": "2017-10-05T09:44:38.680Z",
  "cards": [
    {
      "stack": "1-1-intro",
      "stack-index": "1",
      "stack-length": "1",
      "title": "Your security",
      "unit": "1-your-security",
      "images": [],
      "type": "card",
      "subtype": "intro",
      "category": [],
      "contents": "<p>Learn about your security and protecting yourself. </p>"
    }
  ,
    {
      "stack": "1-2-takeaways",
      "stack-index": "1",
      "stack-length": "1",
      "title": "Learn how to",
      "unit": "1-your-security",
      "images": [],
      "type": "card",
      "subtype": "takeaways",
      "category": [],
      "contents": "<ul>\n<li><a href=\"topics/understand-2-security/1-your-security/3-1-learn.md\">Create a security assessment for your journalism work</a></li>\n<li><a href=\"topics/understand-2-security/1-your-security/3-1-learn.md\">Identify known hazards</a></li>\n<li><a href=\"topics/understand-2-security/1-your-security/3-2-learn.md\">Address communications infrastructure</a></li>\n<li><a href=\"topics/understand-2-security/1-your-security/3-1-learn.md\">Consult diverse sources</a></li>\n</ul>"
    }
  ,
    {
      "stack": "2-scenario",
      "stack-index": "1",
      "stack-length": "2",
      "title": "Scenario",
      "unit": "1-your-security",
      "images": [],
      "type": "card",
      "subtype": "scenario",
      "category": [],
      "contents": "<p><img src=\"scenario.png\" alt=\"\">\nBrenda is writing a story about gold mining and needs to conduct some interviews. Before scheduling appointments, she needs to find out if it is safe to do so."
    }
  ,
    {
      "stack": "2-scenario",
      "stack-index": "2",
      "stack-length": "2",
      "title": "Scenario",
      "unit": "1-your-security",
      "images": [],
      "type": "card",
      "subtype": "scenario",
      "category": [],
      "contents": "<img src=\"scenario.png\" alt=\"\">\nBrenda needs to create a security assessment. If she doesn&#39;t get input from her editors and colleagues, she&#39;s worried she won&#39;t be best prepared.</p>"
    }
  ,
    {
      "stack": "3-1-learn",
      "stack-index": "1",
      "stack-length": "7",
      "title": "Learn",
      "unit": "1-your-security",
      "images": [],
      "type": "card",
      "subtype": "learn",
      "category": [],
      "contents": "<blockquote>\n<p>security - make it more about what are the components that would go into your security - maybe kind of a getting started. your security is physical safety (what people would think of), emphasise this,but also security of information….your sources, your well being is important (give a concrete example here - if you are depressed or shocked you won’t be able to continue your job. it’s part of your security think about your well being and those of moths.</p>\n<p>explain in your security and well being are more important than story - that this is true and will allow you to continue doing your work.</p>\n<p>in security module also put “it is impportant to take care of trauma or you won’t be able to do your work”</p>\n<p>&#39;be careful with each other, so that we can be dangerous together.”</p>\n</blockquote>\n<ul>\n<li><p>things to consider about security</p>\n<ul>\n<li>physical security\n-\n-\n-\n-</li>\n<li>well-being</li>\n<li><a href=\"topics/understand-2-security/2-your-well-being/3-0-learn.md\">Stress and security</a></li>\n<li><a href=\"topics/understand-2-security/2-your-well-being/3-1-learn.md\">Building your own emotional resilience</a></li>\n<li><a href=\"topics/understand-2-security/2-your-well-being/3-2-learn.md\">Stress that accumulates and leads to burnout</a></li>\n<li><a href=\"topics/understand-2-security/2-your-well-being/3-5-learn.md\">Stress following trauma</a></li>\n<li><a href=\"topics/understand-2-security/2-your-well-being/3-7-learn.md\">Post-traumatic stress syndrome</a></li>\n<li><a href=\"topics/understand-2-security/2-your-well-being/3-11-learn.md\">Dealing with unfounded fears</a></li>\n<li><p><a href=\"topics/understand-2-security/2-your-well-being/3-12-learn.md\">Get to grips with fear</a></p>\n</li>\n<li><p>your story</p>\n</li>\n<li>[keeping data safe] making sure your story can carry on, keeping your documents in safe places and having backups</li>\n<li>[preparing for the worst] preparing how others could keep up your story if something happens to you</li>\n<li><p>[information security] security of people involved and of information you are accumulating (direct people to infosec, tor, encryption, secure communications)</p>\n</li>\n<li><p>your sources</p>\n</li>\n<li>your colleagues</li>\n<li></li>\n</ul>\n</li>\n</ul>\n<hr>\n<h2 id=\"source-https-holistic-security-tacticaltech-org-chapters-prepare-chapter-1-1-what-is-holistic-security\">source: <a href=\"https://holistic-security.tacticaltech.org/chapters/prepare/chapter-1-1-what-is-holistic-security\">https://holistic-security.tacticaltech.org/chapters/prepare/chapter-1-1-what-is-holistic-security</a></h2>\n<p>Once we understand how individuals and teams react to stress and threats, it becomes important to reflect on how healthy practices towards this can be fostered in our groups and organisations.\nCreating a safe and regular environment for communicating about security within teams and organisations is one of the most important preparatory steps towards a successful security strategy and organisational well-being.</p>\n<p>side from this clear practical necessity, creating space to talk about security with our peers and colleagues helps us to:\n• more accurately perceive the threats to our work (reduce unrecognised threats and unfounded fears)\n• understand why members of the team might react differently to stress or threats (individual responses to threats)\n• assign roles and responsibilities for security measures\n• increase group ownership of security measures\n• build solidarity and care for colleagues who are suffering from threats.</p>\n<p>However, there may be barriers that prevent us from discussing security openly within our organisation. Some barriers may include:\n• heavy workloads and lack of time\n• simply being afraid to discuss it\n• a sense that our observations on security might be perceived as fear, para-\nnoia or weakness\n• not wanting to confront colleagues about their practices\n• not wanting to be the first to bring the matter up for discussion\n• gender issues and/or power dynamics.</p>\n<p>Self-care should not be understood not a selfish act, but rather as a subversive and political act of self-preservation.</p>\n<p>Our approach to security and protection must take into account the effects not\nonly  of  physical  violence,  but  also  structural,  economic,  gender-based  and  institutional  violence,  harassment  and  marginalisation.  This  may  be  perpetrated  by   the  State,  but  also  by  private  corporations,  non-State  armed  groups,  or  even  our own  communities  and  those  close  to  us.  It  can  deeply  affect  our  psychological well-being,  our  physical  health,  and  our  relationships  with  friends,  family  and colleagues.  Awareness  of,  and  action  regarding  these  threats  is  vital  in  order  for our activism and resistance to be sustainable, and in order to facilitate our ability to identify and implement strategies for our security and protection. As such, we understand and assert self-care, all too often considered ‘selfish’ among activists, to  be  a  subversive  and  political  act  of  self-preservation,  and  one  which  is  fundamental to effective security strategy and culture.</p>\n<p>Our security strategies also have to be regularly updated. As the context around us changes, so do the tasks and challenges in integrating security into our work.</p>\n<p>As  such,  comprehensive  security  must  not  only  include  our  bodies,  emotions and  mental  states,  but  also  the  electronic  information  contained  in  devices  in our  hands,  pockets,  bags,  homes,  offices,  streets  and  vehicles.  </p>\n<p>Your security and well being are always more important than a story. To minimise potential risks, it is important to always prepare a security assessment."
    }
  ,
    {
      "stack": "3-1-learn",
      "stack-index": "2",
      "stack-length": "7",
      "title": "Learn",
      "unit": "1-your-security",
      "images": [],
      "type": "card",
      "subtype": "learn",
      "category": [],
      "contents": "</p>\n<blockquote>\n<p>Step 1</p>\n<h1 id=\"identify-known-hazards\">Identify known hazards</h1>\n</blockquote>\n<p>Identify contact people and the time and means of communication; describe all known hazards, including the history of problems in the reporting area; and outline contingency plans that address the perceived risks."
    }
  ,
    {
      "stack": "3-1-learn",
      "stack-index": "3",
      "stack-length": "7",
      "title": "Learn",
      "unit": "1-your-security",
      "images": [],
      "type": "card",
      "subtype": "learn",
      "category": [],
      "contents": "Consider the possibility that any circumstance — from a tense political situation to a natural disaster — can escalate in severity."
    }
  ,
    {
      "stack": "3-1-learn",
      "stack-index": "4",
      "stack-length": "7",
      "title": "Learn",
      "unit": "1-your-security",
      "images": [],
      "type": "card",
      "subtype": "learn",
      "category": [],
      "contents": "The assessment should include:</p>\n<ul>\n<li>where to stay and where to seek refuge if necessary</li>\n<li>where and how to get updated information inside the country"
    }
  ,
    {
      "stack": "3-1-learn",
      "stack-index": "5",
      "stack-length": "7",
      "title": "Learn",
      "unit": "1-your-security",
      "images": [],
      "type": "card",
      "subtype": "learn",
      "category": [],
      "contents": "</li>\n<li>whether equipment such as a weather-band or shortwave radio is needed</li>\n<li>whom to contact in the country, from local human rights groups to foreign embassies, for emergency information"
    }
  ,
    {
      "stack": "3-1-learn",
      "stack-index": "6",
      "stack-length": "7",
      "title": "Learn",
      "unit": "1-your-security",
      "images": [],
      "type": "card",
      "subtype": "learn",
      "category": [],
      "contents": "<ul>\n<li>travel plans and methods within the country</li>\n<li>multiple entry and exit routes."
    }
  ,
    {
      "stack": "3-1-learn",
      "stack-index": "7",
      "stack-length": "7",
      "title": "Learn",
      "unit": "1-your-security",
      "images": [],
      "type": "card",
      "subtype": "learn",
      "category": [],
      "contents": "<img src=\"recap.png\" alt=\"\"></li>\n</ul>\n</li>\n</ul>"
    }
  ,
    {
      "stack": "3-2-learn",
      "stack-index": "1",
      "stack-length": "5",
      "title": "Learn",
      "unit": "1-your-security",
      "images": [],
      "type": "card",
      "subtype": "learn",
      "category": [],
      "contents": "<blockquote>\n<p>Step 2</p>\n<h1 id=\"address-communications-infrastructure\">Address communications infrastructure</h1>\n</blockquote>\n<p>Address the communications infrastructure in the reporting area and identify any contingency equipment you may need."
    }
  ,
    {
      "stack": "3-2-learn",
      "stack-index": "2",
      "stack-length": "5",
      "title": "Learn",
      "unit": "1-your-security",
      "images": [],
      "type": "card",
      "subtype": "learn",
      "category": [],
      "contents": "Are electricity, Internet access, and mobile and landline phone service available? Are they likely to remain so? This will help you make prepared choices in choosing communications backups."
    }
  ,
    {
      "stack": "3-2-learn",
      "stack-index": "3",
      "stack-length": "5",
      "title": "Learn",
      "unit": "1-your-security",
      "images": [],
      "type": "card",
      "subtype": "learn",
      "category": [],
      "contents": "Is a generator or a car battery with a DC adaptor needed to power one’s computer? Should a satellite phone be used?"
    }
  ,
    {
      "stack": "3-2-learn",
      "stack-index": "4",
      "stack-length": "5",
      "title": "Learn",
      "unit": "1-your-security",
      "images": [],
      "type": "card",
      "subtype": "learn",
      "category": [],
      "contents": "Basic needs such as nourishment and medical care must be addressed as well. Are food and water readily available? Is a hospital, clinic, or physician available? Is a medical kit needed, and what should it include? This is helpful for knowing what kinds of items you should bring along with you."
    }
  ,
    {
      "stack": "3-2-learn",
      "stack-index": "5",
      "stack-length": "5",
      "title": "Learn",
      "unit": "1-your-security",
      "images": [],
      "type": "card",
      "subtype": "learn",
      "category": [],
      "contents": "<img src=\"recap.png\" alt=\"\"></p>"
    }
  ,
    {
      "stack": "3-3-learn",
      "stack-index": "1",
      "stack-length": "4",
      "title": "Learn",
      "unit": "1-your-security",
      "images": [],
      "type": "card",
      "subtype": "learn",
      "category": [],
      "contents": "<blockquote>\n<p>Step 3</p>\n<h1 id=\"consult-diverse-sources\">Consult diverse sources</h1>\n</blockquote>\n<p>Consult diverse sources including journalists with experience in the location or topic, diplomatic advisories, reports on press freedom and human rights, and academic research."
    }
  ,
    {
      "stack": "3-3-learn",
      "stack-index": "2",
      "stack-length": "4",
      "title": "Learn",
      "unit": "1-your-security",
      "images": [],
      "type": "card",
      "subtype": "learn",
      "category": [],
      "contents": "Editors working with staffers or freelancers should have substantial input into the assessment, take the initiative in raising security questions, and receive a copy of the assessment."
    }
  ,
    {
      "stack": "3-3-learn",
      "stack-index": "3",
      "stack-length": "4",
      "title": "Learn",
      "unit": "1-your-security",
      "images": [],
      "type": "card",
      "subtype": "learn",
      "category": [],
      "contents": "An independent journalist working without a relationship with a news organization must be especially rigorous in compiling a security assessment, consulting with peers,<a href=\"topics/practice-2-planning/0-getting-started/1-intro.md\">researching the risks</a>, and arranging a contact network."
    }
  ,
    {
      "stack": "3-3-learn",
      "stack-index": "4",
      "stack-length": "4",
      "title": "Learn",
      "unit": "1-your-security",
      "images": [],
      "type": "card",
      "subtype": "learn",
      "category": [],
      "contents": "<img src=\"recap.png\" alt=\"\"></p>"
    }
  ,
    {
      "stack": "4-test",
      "stack-index": "1",
      "stack-length": "1",
      "title": "Test",
      "unit": "1-your-security",
      "images": [],
      "type": "activity",
      "subtype": "test",
      "category": [],
      "contents": "<quiz name=\"Gitbook Quiz\">\n    <question multiple>\n        <p>What is gitbook used for?</p>\n        <answer correct>To read books</answer>\n        <answer>To book hotel named git</answer>\n        <answer correct>To write and publish beautiful books</answer>\n        <explanation>GitBook.com lets you write, publish and manage your books online as a service.</explanation>\n    </question>\n    <question>\n        <p>Is it quiz?</p>\n        <answer correct>Yes</answer>\n        <answer>No</answer>\n    </question>\n</quiz>"
    }
  ,
    {
      "stack": "5-next",
      "stack-index": "1",
      "stack-length": "1",
      "title": "Next",
      "unit": "1-your-security",
      "images": [],
      "type": "card",
      "subtype": "next",
      "category": [],
      "contents": "<p>For more information on conducting a risk assessment, refer to the <a href=\"topics/practice-2-planning/0-getting-started/1-intro.md\">Planning and Preparing</a> section of this guide.</p>"
    }
  ]
}
  