{
  "slug": "practice-4-safe-social-networks_0-get-started",
  "type": "unit",
  "title": "Get started with social networks",
  "parentTitle": "Safe Social Networks",
  "locale": "en",
  "categories": [],
  "updatedAt": "2017-10-01T09:05:07.869Z",
  "cards": [
    {
      "stack": "1-1-intro",
      "stack-index": "1",
      "stack-length": "1",
      "title": "Safe social networks",
      "unit": "0-get-started",
      "images": [],
      "type": "card",
      "subtype": "intro",
      "category": [],
      "contents": "<p>Learn how to use social networks more safely.</p>"
    }
  ,
    {
      "stack": "1-2-takeaways",
      "stack-index": "1",
      "stack-length": "1",
      "title": "Learn how to",
      "unit": "0-get-started",
      "images": [],
      "type": "card",
      "subtype": "takeaways",
      "category": [],
      "contents": "<ul>\n<li><a href=\"topics/practice-4-safe-social-networks/0-getting-started/3-1-learn.md\">Social networking basics</a></li>\n<li><a href=\"topics/practice-4-safe-social-networks/0-getting-started/3-2-learn.md\">Who can access your social networking data?</a></li>\n<li><a href=\"topics/practice-4-safe-social-networks/0-getting-started/3-3-learn.md\">Who owns your social networking data</a>)</li>\n<li><a href=\"topics/practice-4-safe-social-networks/0-getting-started/3-4-learn.md\">Choosing the right social networking lesson</a></li>\n</ul>"
    }
  ,
    {
      "stack": "2-scenario",
      "stack-index": "1",
      "stack-length": "2",
      "title": "Publicising a march...",
      "unit": "0-get-started",
      "images": [],
      "type": "card",
      "subtype": "scenario",
      "category": [],
      "contents": "<p>Brenda and Isaac are going to a march and want to use Facebook to publicise the event. They are worried that the authorities could be tipped off and that anyone who shows an interest could be traced."
    }
  ,
    {
      "stack": "2-scenario",
      "stack-index": "2",
      "stack-length": "2",
      "title": "Publicising a march...",
      "unit": "0-get-started",
      "images": [],
      "type": "card",
      "subtype": "scenario",
      "category": [],
      "contents": "They plan to share photos and videos of the march without revealing people&#39;s identities, because they worry that participants could face persecution.</p>"
    }
  ,
    {
      "stack": "3-1-learn",
      "stack-index": "1",
      "stack-length": "3",
      "title": "Social networking basics",
      "unit": "0-get-started",
      "images": [],
      "type": "card",
      "subtype": "learn",
      "category": [],
      "contents": "<h1 id=\"what-it-does\">What it does</h1>\n<p>Social networking websites have greatly expanded the range of possible interactions, allowing you to share messages, pictures, files and even up-to-the-minute information about what you are doing and where you are."
    }
  ,
    {
      "stack": "3-1-learn",
      "stack-index": "2",
      "stack-length": "3",
      "title": "Social networking basics",
      "unit": "0-get-started",
      "images": [],
      "type": "card",
      "subtype": "learn",
      "category": [],
      "contents": "</p>\n<h1 id=\"nothing-new\">Nothing new</h1>\n<p>These functions are not new or unique – any of these actions can also be performed via the internet without joining a social networking site."
    }
  ,
    {
      "stack": "3-1-learn",
      "stack-index": "3",
      "stack-length": "3",
      "title": "Social networking basics",
      "unit": "0-get-started",
      "images": [],
      "type": "card",
      "subtype": "learn",
      "category": [],
      "contents": "</p>\n<h1 id=\"potentially-exposing\">Potentially exposing</h1>\n<p>Although these networks can be very useful, and promote social interaction both online and offline, when using them you may be making information available to people who want to abuse it.</p>"
    }
  ,
    {
      "stack": "3-2-learn",
      "stack-index": "1",
      "stack-length": "3",
      "title": "Who can access",
      "unit": "0-get-started",
      "images": [],
      "type": "card",
      "subtype": "learn",
      "category": [],
      "contents": "<h1 id=\"protect-sensitive-information\">Protect sensitive information</h1>\n<p>If you work with sensitive information and topics, and are interested in using social networking services, it is important to be very aware of the privacy and security issues that they raise."
    }
  ,
    {
      "stack": "3-2-learn",
      "stack-index": "2",
      "stack-length": "3",
      "title": "Who can access",
      "unit": "0-get-started",
      "images": [],
      "type": "card",
      "subtype": "learn",
      "category": [],
      "contents": "</p>\n<h1 id=\"protect-content-and-connections\">Protect content and connections</h1>\n<p>Human rights advocates are particularly vulnerable to the dangers of social networking sites and need to be extremely careful about the information they reveal about themselves AND about the people they work with."
    }
  ,
    {
      "stack": "3-2-learn",
      "stack-index": "3",
      "stack-length": "3",
      "title": "Who can access",
      "unit": "0-get-started",
      "images": [],
      "type": "card",
      "subtype": "learn",
      "category": [],
      "contents": "</p>\n<h1 id=\"protect-yourself-and-your-colleagues\">Protect yourself and your colleagues</h1>\n<p>Before you use any social networking site it is important to understand how they make you vulnerable, and take steps to protect yourself and the people you work with.</p>"
    }
  ,
    {
      "stack": "3-3-learn",
      "stack-index": "1",
      "stack-length": "3",
      "title": "Who owns your data?",
      "unit": "0-get-started",
      "images": [],
      "type": "card",
      "subtype": "learn",
      "category": [],
      "contents": "<h1 id=\"private-businesses\">Private businesses</h1>\n<p>Social networking sites are owned by private businesses who make their money by collecting data about people and selling that data on, particularly to third party advertisers."
    }
  ,
    {
      "stack": "3-3-learn",
      "stack-index": "2",
      "stack-length": "3",
      "title": "Who owns your data?",
      "unit": "0-get-started",
      "images": [],
      "type": "card",
      "subtype": "learn",
      "category": [],
      "contents": "</p>\n<h1 id=\"rules-of-site-owners\">Rules of site owners</h1>\n<p>When you enter a social networking site, you are leaving the freedoms of the internet behind and are entering a network that is governed and ruled by the owners of the site."
    }
  ,
    {
      "stack": "3-3-learn",
      "stack-index": "3",
      "stack-length": "3",
      "title": "Who owns your data?",
      "unit": "0-get-started",
      "images": [],
      "type": "card",
      "subtype": "learn",
      "category": [],
      "contents": "</p>\n<h1 id=\"privacy-settings\">Privacy settings</h1>\n<p>Privacy settings are only meant to protect you from other members of the social network, but they do not shield your data from the owners of the service. This means that you are giving all your data over to the owners and trusting them with it.</p>"
    }
  ,
    {
      "stack": "3-4-learn",
      "stack-index": "1",
      "stack-length": "3",
      "title": "Choose the right lesson",
      "unit": "0-get-started",
      "images": [],
      "type": "card",
      "subtype": "learn",
      "category": [],
      "contents": "<p>Not sure where to start on controlling which people can see who you are connected to on social media?</p>\n<ul>\n<li>Choose the <a href=\"topics/practice-4-safe-social-networks/1-access-friends-contacts/1-intro.md\">Controlling access to friends &amp; contacts</a> lesson"
    }
  ,
    {
      "stack": "3-4-learn",
      "stack-index": "2",
      "stack-length": "3",
      "title": "Choose the right lesson",
      "unit": "0-get-started",
      "images": [],
      "type": "card",
      "subtype": "learn",
      "category": [],
      "contents": "Don&#39;t know the right questions to ask to protect your personal details?</li>\n<li>Choose the <a href=\"topics/practice-4-safe-social-networks/2-access-personal-details/1-intro.md\">Controlling access to your personal details</a>"
    }
  ,
    {
      "stack": "3-4-learn",
      "stack-index": "3",
      "stack-length": "3",
      "title": "Choose the right lesson",
      "unit": "0-get-started",
      "images": [],
      "type": "card",
      "subtype": "learn",
      "category": [],
      "contents": "Using social media but don&#39;t want your conversations to be read by the site owners or others?</li>\n<li>Choose the <a href=\"topics/practice-4-safe-social-networks/3-facebook-chat/1-intro.md\">Learning to chat securely</a></li>\n</ul>"
    }
  ,
    {
      "stack": "5-next",
      "stack-index": "1",
      "stack-length": "1",
      "title": "Next",
      "unit": "0-get-started",
      "images": [],
      "type": "card",
      "subtype": "next",
      "category": [],
      "contents": "<hr>\n<ul>\n<li>en/topics/understand-4-digisec/0-getting-started/1-1-intro.md: Learn digital security basics</li>\n<li>en/topics/understand-3-opsec/0-getting-started/1-1-intro.md: Basics of security for your organisation.</li>\n</ul>\n<hr>\n<p>See also:</p>\n<ul>\n<li>Tactical Technology Collective: <a href=\"https://securityinabox.org\">Security in a Box</a></li>\n<li><a href=\"https://gendersec.tacticaltech.org/wiki/index.php/Complete_manual\">Zen and the art of making Tech Work for you</a></li>\n</ul>"
    }
  ]
}
  