{
  "slug": "practice-4-safe-social-networks_1-access-personal-details",
  "type": "unit",
  "title": "How to control access to your personal details?",
  "parentTitle": "Safe Social Networks",
  "locale": "en",
  "categories": [],
  "updatedAt": "2017-10-01T09:36:24.519Z",
  "cards": [
    {
      "stack": "1-1-intro",
      "stack-index": "1",
      "stack-length": "1",
      "title": "Controlling access to your personal details",
      "unit": "1-access-personal-details",
      "images": [],
      "type": "card",
      "subtype": "intro",
      "category": [],
      "contents": "<p>Learn to control access to your personal details on social networking sites.</p>"
    }
  ,
    {
      "stack": "1-2-takeaways",
      "stack-index": "1",
      "stack-length": "1",
      "title": "Learn how to",
      "unit": "1-access-personal-details",
      "images": [],
      "type": "card",
      "subtype": "takeaways",
      "category": [],
      "contents": "<ul>\n<li><a href=\"topics/practice-4-safe-social-networks/2-access-personal-details/3-learn.md\">Be careful in posting personal information to social networking sites</a></li>\n<li><a href=\"topics/practice-4-safe-social-networks/2-access-personal-details/4-howto.md\">Control access to personal information on your Facebook profile</a></li>\n</ul>"
    }
  ,
    {
      "stack": "2-scenario",
      "stack-index": "1",
      "stack-length": "2",
      "title": "A careful update...",
      "unit": "1-access-personal-details",
      "images": [],
      "type": "card",
      "subtype": "scenario",
      "category": [],
      "contents": "<p>Brenda and Isaac plan to use Twitter during the march to give updates on the progress of the march. But what if the police could monitor the tweets, and deploy squads to intercept marchers?"
    }
  ,
    {
      "stack": "2-scenario",
      "stack-index": "2",
      "stack-length": "2",
      "title": "A careful update...",
      "unit": "1-access-personal-details",
      "images": [],
      "type": "card",
      "subtype": "scenario",
      "category": [],
      "contents": "They plan to share photos and videos of the march without revealing people&#39;s identities, because they worry that participants could face persecution.</p>"
    }
  ,
    {
      "stack": "3-learn",
      "stack-index": "1",
      "stack-length": "1",
      "title": "What to post to social networking sites",
      "unit": "1-access-personal-details",
      "images": [],
      "type": "card",
      "subtype": "learn",
      "category": [],
      "contents": "<h1 id=\"be-careful-with-what-information-you-give\">Be careful with what information you give</h1>\n<p>Social networking sites ask you for a good deal of data about yourself to make it easier for other users to find and connect to you.</p>\n<h1 id=\"identity-fraud-is-common\">Identity fraud is common</h1>\n<p>Perhaps the biggest vulnerability this creates for users of these sites is the possibility of identity fraud, which is increasingly common.</p>\n<h1 id=\"less-is-more\">Less is more</h1>\n<p>The more information about yourself you reveal online, the easier it becomes for the authorities to identify you and monitor your activities.</p>\n<h1 id=\"posts-can-impact-your-family\">Posts can impact your family</h1>\n<p>The online activities of diaspora activists from some countries have led to the targeting of their family members by the authorities in their homelands.</p>\n<h1 id=\"do-you-need-to-post\">Do you need to post</h1>\n<p>Before posting, think about whether it&#39;s necessary to post:</p>\n<ul>\n<li>birth dates</li>\n<li>contact phone numbers</li>\n<li>addresses<h1 id=\"do-you-need-to-post\">Do you need to post</h1>\n</li>\n<li>details of family members</li>\n<li>sexual orientation</li>\n<li>education and employment history</li>\n</ul>"
    }
  ,
    {
      "stack": "4-howto",
      "stack-index": "1",
      "stack-length": "4",
      "title": "Control access to personal information on your Facebook profile",
      "unit": "1-access-personal-details",
      "images": [],
      "type": "howto",
      "subtype": "howto",
      "category": [],
      "contents": "<h1 id=\"editing-your-profile\">Editing your profile</h1>\n<p>You can control who can see various elements of your profile. This doesn&#39;t happen in the main privacy settings but directly when editing your profile."
    }
  ,
    {
      "stack": "4-howto",
      "stack-index": "2",
      "stack-length": "4",
      "title": "Control access to personal information on your Facebook profile",
      "unit": "1-access-personal-details",
      "images": [],
      "type": "howto",
      "subtype": "howto",
      "category": [],
      "contents": "</p>\n<h1 id=\"date-of-birth\">Date of birth</h1>\n<p>Go to About &gt; Contact &amp; Basic Info you can see your date of birth:</p>\n<p><img src=\"Screen Shot 2015-11-20 at 16.54.51.png\" alt=\"Screen Shot 2015-11-20 at 16.54.51.png\">"
    }
  ,
    {
      "stack": "4-howto",
      "stack-index": "3",
      "stack-length": "4",
      "title": "Control access to personal information on your Facebook profile",
      "unit": "1-access-personal-details",
      "images": [],
      "type": "howto",
      "subtype": "howto",
      "category": [],
      "contents": "</p>\n<h1 id=\"choose-audience\">Choose audience</h1>\n<p>If you place your mouse cursor over it, you will see an icon which can be a globe (public), a group (friends of friends), a lock (only me) or possibly other images.</p>\n<p><img src=\"Screen Shot 2015-11-20 at 16.54.57.png\" alt=\"Screen Shot 2015-11-20 at 16.54.57.png\">"
    }
  ,
    {
      "stack": "4-howto",
      "stack-index": "4",
      "stack-length": "4",
      "title": "Control access to personal information on your Facebook profile",
      "unit": "1-access-personal-details",
      "images": [],
      "type": "howto",
      "subtype": "howto",
      "category": [],
      "contents": "</p>\n<h1 id=\"change-settings\">Change settings</h1>\n<p>Clicking on this icon will bring up a menu where you can change this setting:</p>\n<p><img src=\"Screen Shot 2015-11-20 at 17.00.25.png\" alt=\"Screen Shot 2015-11-20 at 17.00.25.png\"></p>"
    }
  ,
    {
      "stack": "6-next",
      "stack-index": "1",
      "stack-length": "1",
      "title": "Next",
      "unit": "1-access-personal-details",
      "images": [],
      "type": "card",
      "subtype": "next",
      "category": [],
      "contents": "<hr>\n<ul>\n<li>en/topics/understand-4-digisec/0-getting-started/1-1-intro.md: Intro to digital security</li>\n<li>en/topics/practice-1-emergencies/2-account-hijacked/1-1-intro.md: What to do if your social media account has been hijacked</li>\n</ul>\n<hr>\n<p>See also:</p>\n<ul>\n<li>Tactical Technology Collective: <a href=\"https://www.securityinabox.org/\">Security in a Box</a></li>\n</ul>"
    }
  ]
}
  