{
  "slug": "practice-2-plan_4-emergency-plan",
  "type": "unit",
  "title": "Preparing for emergencies with your contacts",
  "parentTitle": "Plan and Prepare",
  "locale": "en",
  "categories": [],
  "updatedAt": "2017-10-07T15:55:09.644Z",
  "cards": [
    {
      "stack": "1-1-intro",
      "stack-index": "1",
      "stack-length": "1",
      "title": "Emergency plans",
      "unit": "4-emergency-plan",
      "images": [],
      "type": "card",
      "subtype": "intro",
      "category": [],
      "contents": "<ul>\n<li><strong>Learn to develop an emergency plan as a journalist</strong></li>\n</ul>"
    }
  ,
    {
      "stack": "1-2-takeaways",
      "stack-index": "1",
      "stack-length": "1",
      "title": "Learn about",
      "unit": "4-emergency-plan",
      "images": [],
      "type": "card",
      "subtype": "takeaways",
      "category": [],
      "contents": "<ul>\n<li><strong>What should go into an emergency plan</strong></li>\n<li><strong>Who to share your emergency plan with</strong></li>\n<li><strong>When to carry out your emergency plan</strong></li>\n</ul>"
    }
  ,
    {
      "stack": "3-learn",
      "stack-index": "1",
      "stack-length": "7",
      "title": "Making an emergency plan",
      "unit": "4-emergency-plan",
      "images": [],
      "type": "card",
      "subtype": "learn",
      "category": [],
      "contents": "<p>When making an emergency plan, you should specify the frequency and exact means by which you will check in with editors and family members."
    }
  ,
    {
      "stack": "3-learn",
      "stack-index": "2",
      "stack-length": "7",
      "title": "Making an emergency plan",
      "unit": "4-emergency-plan",
      "images": [],
      "type": "card",
      "subtype": "learn",
      "category": [],
      "contents": "Your plan may also include a simple code to discreetly signal an immediate threat."
    }
  ,
    {
      "stack": "3-learn",
      "stack-index": "3",
      "stack-length": "7",
      "title": "Making an emergency plan",
      "unit": "4-emergency-plan",
      "images": [],
      "type": "card",
      "subtype": "learn",
      "category": [],
      "contents": "Codes could also be devised to signal that the journalist wants to meet at a prearranged location, or to switch to another means of communication."
    }
  ,
    {
      "stack": "3-learn",
      "stack-index": "4",
      "stack-length": "7",
      "title": "Making an emergency plan",
      "unit": "4-emergency-plan",
      "images": [],
      "type": "card",
      "subtype": "learn",
      "category": [],
      "contents": "In the event you or a colleague of yours becomes out of touch, the plan should specify how long editors and family members should wait before taking action."
    }
  ,
    {
      "stack": "3-learn",
      "stack-index": "5",
      "stack-length": "7",
      "title": "Making an emergency plan",
      "unit": "4-emergency-plan",
      "images": [],
      "type": "card",
      "subtype": "learn",
      "category": [],
      "contents": "Your emergency plan should include a detailed list of individuals and groups for editors and loved ones to contact or call locally, regionally and internationally."
    }
  ,
    {
      "stack": "3-learn",
      "stack-index": "6",
      "stack-length": "7",
      "title": "Making an emergency plan",
      "unit": "4-emergency-plan",
      "images": [],
      "type": "card",
      "subtype": "learn",
      "category": [],
      "contents": "For more information on developing a security and emergency plan, refer to Protection International&#39;s <a href=\"http://protectioninternational.org/\">New Protection Manual for Human Rights Defenders</a>."
    }
  ,
    {
      "stack": "3-learn",
      "stack-index": "7",
      "stack-length": "7",
      "title": "Making an emergency plan",
      "unit": "4-emergency-plan",
      "images": [],
      "type": "card",
      "subtype": "learn",
      "category": [],
      "contents": "This is the end of the lesson. Please click the Home button on your left to go back to the menu.</p>"
    }
  ]
}
  