{
  "slug": "practice-2-plan_4-emergency-plan",
  "type": "unit",
  "title": "Preparing for emergencies with your contacts",
  "parentTitle": "Plan and Prepare",
  "locale": "en",
  "categories": [],
  "updatedAt": "2017-10-01T09:13:25.929Z",
  "cards": [
    {
      "stack": "1-1-intro",
      "stack-index": "1",
      "stack-length": "1",
      "title": "Emergency plans",
      "unit": "4-emergency-plan",
      "images": [],
      "type": "card",
      "subtype": "intro",
      "category": [],
      "contents": "<p>Learn to develop an emergency plan as a journalist.</p>"
    }
  ,
    {
      "stack": "1-2-takeaways",
      "stack-index": "1",
      "stack-length": "1",
      "title": "Learn about",
      "unit": "4-emergency-plan",
      "images": [],
      "type": "card",
      "subtype": "takeaways",
      "category": [],
      "contents": "<ul>\n<li>What should go into an emergency plan</li>\n<li>Who to share your emergency plan with</li>\n<li>When to carry out your emergency plan</li>\n</ul>"
    }
  ,
    {
      "stack": "3-learn",
      "stack-index": "1",
      "stack-length": "6",
      "title": "Making an emergency plan",
      "unit": "4-emergency-plan",
      "images": [],
      "type": "card",
      "subtype": "learn",
      "category": [],
      "contents": "<p>When making an emergency plan, you should specify the frequency and exact means by which you will check in with editors and family members."
    }
  ,
    {
      "stack": "3-learn",
      "stack-index": "2",
      "stack-length": "6",
      "title": "Making an emergency plan",
      "unit": "4-emergency-plan",
      "images": [],
      "type": "card",
      "subtype": "learn",
      "category": [],
      "contents": "Your plan may also include a simple code to discreetly signal an immediate threat."
    }
  ,
    {
      "stack": "3-learn",
      "stack-index": "3",
      "stack-length": "6",
      "title": "Making an emergency plan",
      "unit": "4-emergency-plan",
      "images": [],
      "type": "card",
      "subtype": "learn",
      "category": [],
      "contents": "Codes could also be devised to signal that the journalist wants to meet at a prearranged location, or to switch to another means of communication."
    }
  ,
    {
      "stack": "3-learn",
      "stack-index": "4",
      "stack-length": "6",
      "title": "Making an emergency plan",
      "unit": "4-emergency-plan",
      "images": [],
      "type": "card",
      "subtype": "learn",
      "category": [],
      "contents": "In the event you or a colleague of yours becomes out of touch, the plan should specify how long editors and family members should wait before taking action."
    }
  ,
    {
      "stack": "3-learn",
      "stack-index": "5",
      "stack-length": "6",
      "title": "Making an emergency plan",
      "unit": "4-emergency-plan",
      "images": [],
      "type": "card",
      "subtype": "learn",
      "category": [],
      "contents": "Your emergency plan should include a detailed list of individuals and groups for editors and loved ones to contact or call locally, regionally and internationally."
    }
  ,
    {
      "stack": "3-learn",
      "stack-index": "6",
      "stack-length": "6",
      "title": "Making an emergency plan",
      "unit": "4-emergency-plan",
      "images": [],
      "type": "card",
      "subtype": "learn",
      "category": [],
      "contents": "For more information on developing a security and emergency plan, refer to Protection International&#39;s <a href=\"http://protectioninternational.org/wp-content/uploads/2012/04/1-7_Manual_English_3rdEd.pdf\">New Protection Manual for Human Rights Defenders</a>.</p>"
    }
  ,
    {
      "stack": "4-test",
      "stack-index": "1",
      "stack-length": "1",
      "title": "Test",
      "unit": "4-emergency-plan",
      "images": [],
      "type": "activity",
      "subtype": "test",
      "category": [],
      "contents": "<quiz name=\"Gitbook Quiz\">\n    <question multiple>\n        <p>What is gitbook used for?</p>\n        <answer correct>To read books</answer>\n        <answer>To book hotel named git</answer>\n        <answer correct>To write and publish beautiful books</answer>\n        <explanation>GitBook.com lets you write, publish and manage your books online as a service.</explanation>\n    </question>\n    <question>\n        <p>Is it quiz?</p>\n        <answer correct>Yes</answer>\n        <answer>No</answer>\n    </question>\n</quiz>"
    }
  ,
    {
      "stack": "5-next",
      "stack-index": "1",
      "stack-length": "1",
      "title": "Next",
      "unit": "4-emergency-plan",
      "images": [],
      "type": "card",
      "subtype": "next",
      "category": [],
      "contents": "<p>If you found this useful, you might be interested in the following:</p>\n<ul>\n<li><a href=\"topics/practice-2-planning/1-threats/1-intro.md\">What are threats</a></li>\n<li><a href=\"topics/practice-2-planning/2-assess-risk/1-intro.md\">Learn how to assess Risk</a></li>\n<li><a href=\"topics/practice-2-planning/3-assess-digital-risk/1-intro-hrd.md\">Learn how to assess Digital Risk</a></li>\n<li><a href=\"https://ssd.eff.org/en/module/introduction-threat-modeling\">Electronic Frontier Foundation: Surveillance Self-Defense</a></li>\n</ul>"
    }
  ]
}
  