{
  "slug": "understand-4-digisec_3-metadata",
  "type": "unit",
  "title": "Metadata",
  "parentTitle": "Understanding Digital Security",
  "locale": "en",
  "categories": [],
  "updatedAt": "2017-10-01T09:05:07.869Z",
  "cards": [
    {
      "stack": "1-1-intro",
      "stack-index": "1",
      "stack-length": "1",
      "title": "Getting started with metadata",
      "unit": "3-metadata",
      "images": [],
      "type": "card",
      "subtype": "intro",
      "category": [],
      "contents": "<p>Understand what metadata is and why it is important to digital security.</p>"
    }
  ,
    {
      "stack": "1-2-takeaways",
      "stack-index": "1",
      "stack-length": "1",
      "title": "Learn about",
      "unit": "3-metadata",
      "images": [],
      "type": "card",
      "subtype": "takeaways",
      "category": [],
      "contents": "<ul>\n<li><a href=\"topics/understand-4-digisec/3-metadata/3-1-learn.md\">What metadata is</a></li>\n<li><a href=\"topics/understand-4-digisec/3-metadata/3-2-learn.md\">How metadata can expose you or your connections</a></li>\n</ul>"
    }
  ,
    {
      "stack": "2-scenario",
      "stack-index": "1",
      "stack-length": "1",
      "title": "Scenario",
      "unit": "3-metadata",
      "images": [],
      "type": "card",
      "subtype": "scenario",
      "category": [],
      "contents": "<p>The reason, he learned, was that shared photos included metadata, revealing the time and location of wild animals. Poachers had been found to be using social media to illegally wildlife and evade detection by wildlife officials.</p>"
    }
  ,
    {
      "stack": "3-1-learn",
      "stack-index": "1",
      "stack-length": "4",
      "title": "What is metadata?",
      "unit": "3-metadata",
      "images": [],
      "type": "card",
      "subtype": "learn",
      "category": [],
      "contents": "<h1 id=\"about-metadata\">About metadata</h1>\n<p>Metadata is data about data. It is information about a file (such as a word document, a PDF, a picture, music file etc.) that is stored within the file itself."
    }
  ,
    {
      "stack": "3-1-learn",
      "stack-index": "2",
      "stack-length": "4",
      "title": "What is metadata?",
      "unit": "3-metadata",
      "images": [],
      "type": "card",
      "subtype": "learn",
      "category": [],
      "contents": "In many cases, metadata tells a story just as interesting as the content itself."
    }
  ,
    {
      "stack": "3-1-learn",
      "stack-index": "3",
      "stack-length": "4",
      "title": "What is metadata?",
      "unit": "3-metadata",
      "images": [],
      "type": "card",
      "subtype": "learn",
      "category": [],
      "contents": "</p>\n<h1 id=\"metadata-information\">Metadata information</h1>\n<p>This information can include the time and date a file was created, the username of the people who created or edited it, information about the device that created it, and other kinds of information."
    }
  ,
    {
      "stack": "3-1-learn",
      "stack-index": "4",
      "stack-length": "4",
      "title": "What is metadata?",
      "unit": "3-metadata",
      "images": [],
      "type": "card",
      "subtype": "learn",
      "category": [],
      "contents": "</p>\n<h1 id=\"learning-from-metadata\">Learning from metadata</h1>\n<p>As a result of this, the metadata in a file could tell someone who created a file, on what computer or device, when, and in what location.</p>"
    }
  ,
    {
      "stack": "3-2-learn",
      "stack-index": "1",
      "stack-length": "7",
      "title": "Hidden stories in metadata",
      "unit": "3-metadata",
      "images": [],
      "type": "card",
      "subtype": "learn",
      "category": [],
      "contents": "<h1 id=\"picture-metadata\">Picture metadata</h1>\n<p>When you take a picture with your digital camera, what happens? If your camera or phone knows where you are, then that information (in the form of GPS coordinates) can be saved in the metadata of the file."
    }
  ,
    {
      "stack": "3-2-learn",
      "stack-index": "2",
      "stack-length": "7",
      "title": "Hidden stories in metadata",
      "unit": "3-metadata",
      "images": [],
      "type": "card",
      "subtype": "learn",
      "category": [],
      "contents": "</p>\n<h1 id=\"time-and-camera-information\">Time and camera information</h1>\n<p>If your camera knows what time it is, it records the date and time the picture was taken. If your camera or phone has a serial number, it may be recorded in metadata as well."
    }
  ,
    {
      "stack": "3-2-learn",
      "stack-index": "3",
      "stack-length": "7",
      "title": "Hidden stories in metadata",
      "unit": "3-metadata",
      "images": [],
      "type": "card",
      "subtype": "learn",
      "category": [],
      "contents": "</p>\n<h1 id=\"exif-data\">EXIF data</h1>\n<p>Digital image file formats such as TIFF and JPEG created by digital cameras or smartphones, contain metadata in a format called EXIF (Exchangeable image file format) which could include all of the above information and even a thumbnail of the original image."
    }
  ,
    {
      "stack": "3-2-learn",
      "stack-index": "4",
      "stack-length": "7",
      "title": "Hidden stories in metadata",
      "unit": "3-metadata",
      "images": [],
      "type": "card",
      "subtype": "learn",
      "category": [],
      "contents": "</p>\n<h1 id=\"document-metadata\">Document metadata</h1>\n<p>Other files such as text documents include metadata too. A text document&#39;s metadata, for example, may contain information about how long the document is, who the author is, when the document was written, and a short summary of the document."
    }
  ,
    {
      "stack": "3-2-learn",
      "stack-index": "5",
      "stack-length": "7",
      "title": "Hidden stories in metadata",
      "unit": "3-metadata",
      "images": [],
      "type": "card",
      "subtype": "learn",
      "category": [],
      "contents": "</p>\n<h1 id=\"metadata-is-unencrypted\">Metadata is unencrypted</h1>\n<p>This information is viewable even if the content of your documents are encrypted."
    }
  ,
    {
      "stack": "3-2-learn",
      "stack-index": "6",
      "stack-length": "7",
      "title": "Hidden stories in metadata",
      "unit": "3-metadata",
      "images": [],
      "type": "card",
      "subtype": "learn",
      "category": [],
      "contents": "</p>\n<h1 id=\"email-metadata\">Email metadata</h1>\n<p>Emails contain metadata as well. The author of the email, the email recipient, subject line, and date are all metadata. The content of the email, that is, what you are actually writing, is not metadata."
    }
  ,
    {
      "stack": "3-2-learn",
      "stack-index": "7",
      "stack-length": "7",
      "title": "Hidden stories in metadata",
      "unit": "3-metadata",
      "images": [],
      "type": "card",
      "subtype": "learn",
      "category": [],
      "contents": "</p>\n<h1 id=\"metadata-can-reveal-your-communication\">Metadata can reveal your communication</h1>\n<p>Even if the content of your emails is encrypted, metadata from email communication can be used to identity who you are communicating with and when.</p>"
    }
  ,
    {
      "stack": "4-test",
      "stack-index": "1",
      "stack-length": "1",
      "title": "Test",
      "unit": "3-metadata",
      "images": [],
      "type": "activity",
      "subtype": "test",
      "category": [],
      "contents": "<quiz name=\"Gitbook Quiz\">\n    <question multiple>\n        <p>What is gitbook used for?</p>\n        <answer correct>To read books</answer>\n        <answer>To book hotel named git</answer>\n        <answer correct>To write and publish beautiful books</answer>\n        <explanation>GitBook.com lets you write, publish and manage your books online as a service.</explanation>\n    </question>\n    <question>\n        <p>Is it quiz?</p>\n        <answer correct>Yes</answer>\n        <answer>No</answer>\n    </question>\n</quiz>"
    }
  ,
    {
      "stack": "5-next",
      "stack-index": "1",
      "stack-length": "1",
      "title": "Next",
      "unit": "3-metadata",
      "images": [],
      "type": "card",
      "subtype": "next",
      "category": [],
      "contents": "<ul>\n<li><a href=\"topics/_topic/_unit/index.md\">A topic to study next</a></li>\n<li><a href=\"topics/_topic/_unit/index.md\">Another topic</a></li>\n<li>...</li>\n</ul>"
    }
  ]
}
  