{
  "slug": "understand-4-digisec_2-passwords",
  "type": "unit",
  "title": "Passwords",
  "parentTitle": "Understanding Digital Security",
  "locale": "en",
  "categories": [],
  "updatedAt": "2017-10-01T10:36:46.715Z",
  "cards": [
    {
      "stack": "1-1-intro",
      "stack-index": "1",
      "stack-length": "1",
      "title": "Get started",
      "unit": "2-passwords",
      "images": [],
      "type": "card",
      "subtype": "intro",
      "category": [],
      "contents": "<p>Learn about how to create strong and secure passwords</p>"
    }
  ,
    {
      "stack": "1-2-takeaways",
      "stack-index": "1",
      "stack-length": "1",
      "title": "Learn how to",
      "unit": "2-passwords",
      "images": [],
      "type": "card",
      "subtype": "takeaways",
      "category": [],
      "contents": "<ul>\n<li><a href=\"topics/understand-4-digisec/2-passwords/3-1-learn.md\">Understand password basics</a></li>\n<li><a href=\"topics/understand-4-digisec/2-passwords/3-2-learn.md\">Create a strong password</a></li>\n<li><a href=\"topics/understand-4-digisec/2-passwords/3-3-learn.md\">Test the strength of your password</a></li>\n<li><a href=\"topics/understand-4-digisec/2-passwords/3-5-learn.md\">Use two factor authentication</a></li>\n</ul>"
    }
  ,
    {
      "stack": "3-1-learn",
      "stack-index": "1",
      "stack-length": "4",
      "title": "Password basics",
      "unit": "2-passwords",
      "images": [],
      "type": "card",
      "subtype": "learn",
      "category": [],
      "contents": "<h1 id=\"protecting-your-information\">Protecting your information</h1>\n<p>Passwords are often the first and only barrier between your information and anyone who might want to read, use, or destroy it without your permission."
    }
  ,
    {
      "stack": "3-1-learn",
      "stack-index": "2",
      "stack-length": "4",
      "title": "Password basics",
      "unit": "2-passwords",
      "images": [],
      "type": "card",
      "subtype": "learn",
      "category": [],
      "contents": "</p>\n<h1 id=\"passwords-are-important\">Passwords are important</h1>\n<p>Passwords are important for both online security and privacy. Bad passwords can easily nullify most of your other efforts."
    }
  ,
    {
      "stack": "3-1-learn",
      "stack-index": "3",
      "stack-length": "4",
      "title": "Password basics",
      "unit": "2-passwords",
      "images": [],
      "type": "card",
      "subtype": "learn",
      "category": [],
      "contents": "</p>\n<h1 id=\"how-passwords-work\">How passwords work</h1>\n<p>In general, when you want to protect something - whether a house or an email account - you lock it up with a key. All keys, physical and electronic have one thing in common: They open their locks just as effectively in the hands of somebody else."
    }
  ,
    {
      "stack": "3-1-learn",
      "stack-index": "4",
      "stack-length": "4",
      "title": "Password basics",
      "unit": "2-passwords",
      "images": [],
      "type": "card",
      "subtype": "learn",
      "category": [],
      "contents": "</p>\n<h1 id=\"use-strong-passwords\">Use strong passwords</h1>\n<p>You can use the most advanced security tools, but if your password is weak, or if you allow it to fall into the wrong hands, they will not do you any good.</p>"
    }
  ,
    {
      "stack": "3-2-learn",
      "stack-index": "1",
      "stack-length": "10",
      "title": "Choosing a strong password",
      "unit": "2-passwords",
      "images": [],
      "type": "card",
      "subtype": "learn",
      "category": [],
      "contents": "<h1 id=\"use-a-password-manager\">Use a password manager</h1>\n<p>A password should be difficult for a computer program to guess, difficult for others to figure out, and should be chosen so as to minimise damage if someone does learn it. We recommend you use a <a href=\"topics/tool-31-keepassx/0-getting-started/1-1-intro.md\">Password Manager like KeePassX</a> to keep track of your passwords."
    }
  ,
    {
      "stack": "3-2-learn",
      "stack-index": "2",
      "stack-length": "10",
      "title": "Choosing a strong password",
      "unit": "2-passwords",
      "images": [],
      "type": "card",
      "subtype": "learn",
      "category": [],
      "contents": "</p>\n<h1 id=\"make-it-long-\">Make it long:</h1>\n<p>The longer a password is, the longer it takes to guess it. Use more than ten characters or ideally a long phrase or sentence. Short passwords of any kind, even totally random ones, are not strong enough for use with encryption today."
    }
  ,
    {
      "stack": "3-2-learn",
      "stack-index": "3",
      "stack-length": "10",
      "title": "Choosing a strong password",
      "unit": "2-passwords",
      "images": [],
      "type": "card",
      "subtype": "learn",
      "category": [],
      "contents": "</p>\n<h1 id=\"make-it-complex-\">Make it complex:</h1>\n<p>Strong passwords are long and include a combination of lower and uppercase letters, numbers and special characters; their strength increases with length and complexity."
    }
  ,
    {
      "stack": "3-2-learn",
      "stack-index": "4",
      "stack-length": "10",
      "title": "Choosing a strong password",
      "unit": "2-passwords",
      "images": [],
      "type": "card",
      "subtype": "learn",
      "category": [],
      "contents": "</p>\n<h1 id=\"don-t-make-it-personal-\">Don&#39;t make it personal:</h1>\n<p>Don&#39;t choose a word or phrase based on information such as you name, telephone number, child&#39;s name, pet&#39;s name, birth date, or anything else that a person could easily learn by doing a little research about you."
    }
  ,
    {
      "stack": "3-2-learn",
      "stack-index": "5",
      "stack-length": "10",
      "title": "Choosing a strong password",
      "unit": "2-passwords",
      "images": [],
      "type": "card",
      "subtype": "learn",
      "category": [],
      "contents": "</p>\n<h1 id=\"keep-it-secret-\">Keep it secret:</h1>\n<p>Don&#39;t share your password with anybody unless absolutely necessary! If you must share a password with a family member or colleague, you should change it to a temporary password first, share that one, then change it back when they are done using it."
    }
  ,
    {
      "stack": "3-2-learn",
      "stack-index": "6",
      "stack-length": "10",
      "title": "Choosing a strong password",
      "unit": "2-passwords",
      "images": [],
      "type": "card",
      "subtype": "learn",
      "category": [],
      "contents": "</p>\n<h1 id=\"keep-it-unique-\">Keep it unique:</h1>\n<p>Don’t use the same password across devices or for multiple accounts. Otherwise anyone who learns that password will be able to access all accounts with the same password."
    }
  ,
    {
      "stack": "3-2-learn",
      "stack-index": "7",
      "stack-length": "10",
      "title": "Choosing a strong password",
      "unit": "2-passwords",
      "images": [],
      "type": "card",
      "subtype": "learn",
      "category": [],
      "contents": "</p>\n<h1 id=\"keep-it-fresh-\">Keep it fresh:</h1>\n<p>It&#39;s important to change your passwords regularly, regardless of how strong of a password you have. We recommend you change your password at least once every three months."
    }
  ,
    {
      "stack": "3-2-learn",
      "stack-index": "8",
      "stack-length": "10",
      "title": "Choosing a strong password",
      "unit": "2-passwords",
      "images": [],
      "type": "card",
      "subtype": "learn",
      "category": [],
      "contents": "</p>\n<h1 id=\"make-it-memorable-\">Make it memorable:</h1>\n<p>Password patterns can allow you to use very different but related phrases for all of your accounts, basing one off of the other. For example, if you use your mother’s birthday, you could use your dad’s, brother’s, grandmother’s or dog’s for other accounts."
    }
  ,
    {
      "stack": "3-2-learn",
      "stack-index": "9",
      "stack-length": "10",
      "title": "Choosing a strong password",
      "unit": "2-passwords",
      "images": [],
      "type": "card",
      "subtype": "learn",
      "category": [],
      "contents": "</p>\n<h1 id=\"risks-of-password-patterns\">Risks of password patterns</h1>\n<p>Repeating patterns will make your passwords easy to remember, though it can put you at risk if an adversary gains access to multiple passwords and recognizes the patterns."
    }
  ,
    {
      "stack": "3-2-learn",
      "stack-index": "10",
      "stack-length": "10",
      "title": "Choosing a strong password",
      "unit": "2-passwords",
      "images": [],
      "type": "card",
      "subtype": "learn",
      "category": [],
      "contents": "</p>\n<h1 id=\"use-a-new-pattern\">Use a new pattern</h1>\n<p>Of course, any pattern model becomes ineffective as soon as it is written or suggested anywhere online (so never use the one we just suggested).</p>"
    }
  ,
    {
      "stack": "3-4-learn",
      "stack-index": "1",
      "stack-length": "2",
      "title": "Test your password strength",
      "unit": "2-passwords",
      "images": [],
      "type": "card",
      "subtype": "learn",
      "category": [],
      "contents": "<h1 id=\"how-secure-if-your-password-\">How secure if your password?</h1>\n<p>To test your password, you can play around with the “How secure is my password?” tool. This site will calculate how quickly a desktop PC could crack your password. “Hello12,” for example, would take about 19 seconds."
    }
  ,
    {
      "stack": "3-4-learn",
      "stack-index": "2",
      "stack-length": "2",
      "title": "Test your password strength",
      "unit": "2-passwords",
      "images": [],
      "type": "card",
      "subtype": "learn",
      "category": [],
      "contents": "</p>\n<h1 id=\"choose-a-new-password\">Choose a new password</h1>\n<p>But caution: after you enter your password into this public site, it might not be a bad idea to change it. And if you really believe that you are up against advanced adversaries, keep in mind that they’ll have much more computing power than a normal desktop PC.</p>"
    }
  ,
    {
      "stack": "3-5-learn",
      "stack-index": "1",
      "stack-length": "2",
      "title": "Two-factor authentication",
      "unit": "2-passwords",
      "images": [],
      "type": "card",
      "subtype": "learn",
      "category": [],
      "contents": "<h1 id=\"what-is-it-\">What is it?</h1>\n<p>Take advantage of online services that offer two-factor authentication. These programs require not only a password, but also, say, a code sent to you in a text message."
    }
  ,
    {
      "stack": "3-5-learn",
      "stack-index": "2",
      "stack-length": "2",
      "title": "Two-factor authentication",
      "unit": "2-passwords",
      "images": [],
      "type": "card",
      "subtype": "learn",
      "category": [],
      "contents": "</p>\n<h1 id=\"input-your-code\">Input your code</h1>\n<p>You input the code to verify that you are indeed the person trying to access the account. Google, Twitter and Dropbox were the first to offer this procedure. However now, the practice is widespread in common service providers.</p>"
    }
  ,
    {
      "stack": "5-next",
      "stack-index": "1",
      "stack-length": "1",
      "title": "Next",
      "unit": "2-passwords",
      "images": [],
      "type": "card",
      "subtype": "next",
      "category": [],
      "contents": "<hr>\n<ul>\n<li>en/topics/understand-3-opsec/0-getting-started/1-1-intro.md: Digital security basics</li>\n<li>en/topics/understand-2-security/0-getting-started/1-1-intro.md: Understand security basics\n-</li>\n</ul>\n<hr>\n<p>See also:</p>\n<ul>\n<li>Electronic Frontier Foundation: <a href=\"https://ssd.eff.org/en/module/creating-strong-passwords\">Security Self-Defense</a></li>\n</ul>"
    }
  ]
}
  