{
  "slug": "understand-2-security_3-your-story-journo",
  "type": "unit",
  "title": "Your Story",
  "parentTitle": "Understand Security",
  "locale": "en",
  "categories": [],
  "updatedAt": "2017-10-01T10:22:58.963Z",
  "cards": [
    {
      "stack": "1-1-intro",
      "stack-index": "1",
      "stack-length": "1",
      "title": "Security of your story",
      "unit": "3-your-story-journo",
      "images": [],
      "type": "card",
      "subtype": "intro",
      "category": [],
      "contents": "<p>Learn the basics about security of your story</p>"
    }
  ,
    {
      "stack": "3-1-learn",
      "stack-index": "1",
      "stack-length": "17",
      "title": "The spy who came in through the code",
      "unit": "3-your-story-journo",
      "images": [],
      "type": "card",
      "subtype": "learn",
      "category": [],
      "contents": "<p>&gt;</p>\n<h1 id=\"introduction\">Introduction</h1>\n<p>Even experienced journalists can lose their phones or computers to theft, natural disasters or confiscation by authorities. When this happens, journalists don’t just lose their important data, but also put their sources at risk."
    }
  ,
    {
      "stack": "3-1-learn",
      "stack-index": "2",
      "stack-length": "17",
      "title": "The spy who came in through the code",
      "unit": "3-your-story-journo",
      "images": [],
      "type": "card",
      "subtype": "learn",
      "category": [],
      "contents": "</p>\n<h1 id=\"story-\">Story:</h1>\n<p>In the fall of 2011, Dlshad Othman, a young Kurdish Syrian activist and IT specialist living in Damascus, Syria was contacted by the British journalist and filmmaker Sean McAllister."
    }
  ,
    {
      "stack": "3-1-learn",
      "stack-index": "3",
      "stack-length": "17",
      "title": "The spy who came in through the code",
      "unit": "3-your-story-journo",
      "images": [],
      "type": "card",
      "subtype": "learn",
      "category": [],
      "contents": "McAllister was shooting a documentary for the UK’s Channel 4 television about Syrian underground activists and enlisted Othman’s help to make contacts."
    }
  ,
    {
      "stack": "3-1-learn",
      "stack-index": "4",
      "stack-length": "17",
      "title": "The spy who came in through the code",
      "unit": "3-your-story-journo",
      "images": [],
      "type": "card",
      "subtype": "learn",
      "category": [],
      "contents": "McAllister is an award-winning filmmaker, with film credits from other conflict zones, including Yemen and Iraq, and had managed to get into the country undercover, even though the Syrian government had stopped issuing visas to international journalists."
    }
  ,
    {
      "stack": "3-1-learn",
      "stack-index": "5",
      "stack-length": "17",
      "title": "The spy who came in through the code",
      "unit": "3-your-story-journo",
      "images": [],
      "type": "card",
      "subtype": "learn",
      "category": [],
      "contents": "Othman was helping reporters, human rights activists and the resistance with secure communications tools, and organizing VPN servers outside the country."
    }
  ,
    {
      "stack": "3-1-learn",
      "stack-index": "6",
      "stack-length": "17",
      "title": "The spy who came in through the code",
      "unit": "3-your-story-journo",
      "images": [],
      "type": "card",
      "subtype": "learn",
      "category": [],
      "contents": "Othman and his fellow activists were careful with their security and took measures such as encrypting their communications, using anonymizing tools, and encrypting their storage, etc."
    }
  ,
    {
      "stack": "3-1-learn",
      "stack-index": "7",
      "stack-length": "17",
      "title": "The spy who came in through the code",
      "unit": "3-your-story-journo",
      "images": [],
      "type": "card",
      "subtype": "learn",
      "category": [],
      "contents": "As President Bashar al-Assad’s regime had started to crack down on political activists, Othman felt McAllister would get the story to the outside world and agreed to be interviewed about his work."
    }
  ,
    {
      "stack": "3-1-learn",
      "stack-index": "8",
      "stack-length": "17",
      "title": "The spy who came in through the code",
      "unit": "3-your-story-journo",
      "images": [],
      "type": "card",
      "subtype": "learn",
      "category": [],
      "contents": "When he sat for an on-camera interview with McAllister, the filmmaker assured Othman that he would protect his identity and in the produced piece blur his face so he would not be identified."
    }
  ,
    {
      "stack": "3-1-learn",
      "stack-index": "9",
      "stack-length": "17",
      "title": "The spy who came in through the code",
      "unit": "3-your-story-journo",
      "images": [],
      "type": "card",
      "subtype": "learn",
      "category": [],
      "contents": "Othman also put McAllister in touch with other activists. However, as Othman observed McAllister at work, he remembers feeling uneasy with McAllister’s professional practices."
    }
  ,
    {
      "stack": "3-1-learn",
      "stack-index": "10",
      "stack-length": "17",
      "title": "The spy who came in through the code",
      "unit": "3-your-story-journo",
      "images": [],
      "type": "card",
      "subtype": "learn",
      "category": [],
      "contents": "Othman noticed McAllister was using his mobile and SMS without encryption and was leaving his unencrypted data, including raw footage of interviews with activists the Syrian regime was hunting, in his apartment."
    }
  ,
    {
      "stack": "3-1-learn",
      "stack-index": "11",
      "stack-length": "17",
      "title": "The spy who came in through the code",
      "unit": "3-your-story-journo",
      "images": [],
      "type": "card",
      "subtype": "learn",
      "category": [],
      "contents": "Othman also felt that McAllister did not appreciate how aggressive the Syrian regime’s surveillance was, how much risk the activists were putting themselves into when they agreed to talk to him, and what the consequences of being “outed” would be for the activists."
    }
  ,
    {
      "stack": "3-1-learn",
      "stack-index": "12",
      "stack-length": "17",
      "title": "The spy who came in through the code",
      "unit": "3-your-story-journo",
      "images": [],
      "type": "card",
      "subtype": "learn",
      "category": [],
      "contents": "A few days after McAllister’s interview with Othman, Othman heard that Syrian security agents had raided McAllister’s hotel, arrested him, and seized his laptop, mobile phone, camera, raw foot- age and research, including the names and contact details of his sources."
    }
  ,
    {
      "stack": "3-1-learn",
      "stack-index": "13",
      "stack-length": "17",
      "title": "The spy who came in through the code",
      "unit": "3-your-story-journo",
      "images": [],
      "type": "card",
      "subtype": "learn",
      "category": [],
      "contents": "Othman turned off his mobile phone, took out the SIM card from his mobile, and left the country soon after. Other activists McAllister had contacted also fled."
    }
  ,
    {
      "stack": "3-1-learn",
      "stack-index": "14",
      "stack-length": "17",
      "title": "The spy who came in through the code",
      "unit": "3-your-story-journo",
      "images": [],
      "type": "card",
      "subtype": "learn",
      "category": [],
      "contents": "Several who did not leave, or were unable to, were arrested, including the activist Omar al-Baroudi, who had been interviewed on camera and whose number was on McAllister’s phone. Baroudi disappeared the next day and has not been heard from since."
    }
  ,
    {
      "stack": "3-1-learn",
      "stack-index": "15",
      "stack-length": "17",
      "title": "The spy who came in through the code",
      "unit": "3-your-story-journo",
      "images": [],
      "type": "card",
      "subtype": "learn",
      "category": [],
      "contents": "The Syrian regime also supports a pro-regime hacker organization called the Syrian Electronic Army (SEA). The hacktivists of SEA have attacked online platforms of the Washington Post, Al Jazeera, and other outlets."
    }
  ,
    {
      "stack": "3-1-learn",
      "stack-index": "16",
      "stack-length": "17",
      "title": "The spy who came in through the code",
      "unit": "3-your-story-journo",
      "images": [],
      "type": "card",
      "subtype": "learn",
      "category": [],
      "contents": "They also flooded the Twitter accounts of BBC Weather and the Associated Press with pro-regime propaganda."
    }
  ,
    {
      "stack": "3-1-learn",
      "stack-index": "17",
      "stack-length": "17",
      "title": "The spy who came in through the code",
      "unit": "3-your-story-journo",
      "images": [],
      "type": "card",
      "subtype": "learn",
      "category": [],
      "contents": "Earlier this year, the SEA attacked the New York Times’ website and rendered it offline for almost 20 hours.</p>"
    }
  ,
    {
      "stack": "3-learn",
      "stack-index": "1",
      "stack-length": "8",
      "title": "Steps to secure information for your story",
      "unit": "3-your-story-journo",
      "images": [],
      "type": "card",
      "subtype": "learn",
      "category": [],
      "contents": "<p>Sometimes your story is bigger than you. You have a responsibility to protect the people involved and the information you are accumulating."
    }
  ,
    {
      "stack": "3-learn",
      "stack-index": "2",
      "stack-length": "8",
      "title": "Steps to secure information for your story",
      "unit": "3-your-story-journo",
      "images": [],
      "type": "card",
      "subtype": "learn",
      "category": [],
      "contents": "Sharing files or communicating insecurely can put lives at risk. Be sure to take all appropriate steps to protect you, your information, and others involve in the story."
    }
  ,
    {
      "stack": "3-learn",
      "stack-index": "3",
      "stack-length": "8",
      "title": "Steps to secure information for your story",
      "unit": "3-your-story-journo",
      "images": [],
      "type": "card",
      "subtype": "learn",
      "category": [],
      "contents": "Keep your documents in a safe place and have backups of important documents. Refer to the <a href=\"topics/tool-7-computer-hygiene/1-computer-hygiene/3-4-learn.md\">Computer Hygiene</a> section to learn how to do so."
    }
  ,
    {
      "stack": "3-learn",
      "stack-index": "4",
      "stack-length": "8",
      "title": "Steps to secure information for your story",
      "unit": "3-your-story-journo",
      "images": [],
      "type": "card",
      "subtype": "learn",
      "category": [],
      "contents": "Remember to store your backups securely. Refer to the <a href=\"topics/tool-5-veracrypt/0-getting-started/1-1-intro.md\">Veracrypt</a> lesson to learn how to do so."
    }
  ,
    {
      "stack": "3-learn",
      "stack-index": "5",
      "stack-length": "8",
      "title": "Steps to secure information for your story",
      "unit": "3-your-story-journo",
      "images": [],
      "type": "card",
      "subtype": "learn",
      "category": [],
      "contents": "Communicate securely with people involved, such as sources, and editors. Refer to the <a href=\"topics/understand-4-digisec/4-secure-communications/1-1-intro.md\">Secure Communications</a> and <a href=\"topics/understand-4-digisec/1-encryption/1-1-intro.md\">Encryption</a> lessons to learn how to do so."
    }
  ,
    {
      "stack": "3-learn",
      "stack-index": "6",
      "stack-length": "8",
      "title": "Steps to secure information for your story",
      "unit": "3-your-story-journo",
      "images": [],
      "type": "card",
      "subtype": "learn",
      "category": [],
      "contents": "If you research your stories online, you may be leaving a record of your activities on your PCs and on the Web which can potentially compromise your safety – and that of your  sources – when investigating stories that others are trying to suppress."
    }
  ,
    {
      "stack": "3-learn",
      "stack-index": "7",
      "stack-length": "8",
      "title": "Steps to secure information for your story",
      "unit": "3-your-story-journo",
      "images": [],
      "type": "card",
      "subtype": "learn",
      "category": [],
      "contents": "Refer to the <a href=\"topics/tool-9-tor-browser/0-getting-started/1-1-intro.md\">Tor Browser lesson</a> to learn how to conduct internet research safely."
    }
  ,
    {
      "stack": "3-learn",
      "stack-index": "8",
      "stack-length": "8",
      "title": "Steps to secure information for your story",
      "unit": "3-your-story-journo",
      "images": [],
      "type": "card",
      "subtype": "learn",
      "category": [],
      "contents": "Prepare a plan for how others can continue working on your story if something happens to you. Refer to the <a href=\"topics/practice-2-planning/0-getting-started/1-1-intro.md\">Planning and Preparing</a> section to learn how to do so.</p>"
    }
  ,
    {
      "stack": "4-test",
      "stack-index": "1",
      "stack-length": "1",
      "title": "Test",
      "unit": "3-your-story-journo",
      "images": [],
      "type": "activity",
      "subtype": "test",
      "category": [],
      "contents": "<quiz name=\"Gitbook Quiz\">\n    <question multiple>\n        <p>What is gitbook used for?</p>\n        <answer correct>To read books</answer>\n        <answer>To book hotel named git</answer>\n        <answer correct>To write and publish beautiful books</answer>\n        <explanation>GitBook.com lets you write, publish and manage your books online as a service.</explanation>\n    </question>\n    <question>\n        <p>Is it quiz?</p>\n        <answer correct>Yes</answer>\n        <answer>No</answer>\n    </question>\n</quiz>"
    }
  ,
    {
      "stack": "5-next",
      "stack-index": "1",
      "stack-length": "1",
      "title": "Next",
      "unit": "3-your-story-journo",
      "images": [],
      "type": "card",
      "subtype": "next",
      "category": [],
      "contents": "<hr>\n<ul>\n<li>(en/topics/understand-2-security/1-your-security/1-intro.md): Your security</li>\n<li>(en/topics/tool-5-veracrypt/0-getting-started/1-1-intro.md): Safely store backups of your information with Veracrypt</li>\n<li>(en/topics/tool-9-tor-browser/0-getting-started/1-1-intro.md): Conduct internet research safely using the Tor Browser</li>\n<li>(en/topics/practice-2-planning/0-getting-started/1-1-intro.md): Learn how to plan and prepare for emergencies</li>\n</ul>\n<hr>\n<p>See also:</p>\n<ul>\n<li>Internews: <a href=\"https://www.internews.org/saferjourno-toolkit-provides-digital-and-online-safety-resources-journalism-and-media-trainers\">SaferJourno</a></li>\n</ul>"
    }
  ]
}
  