{
  "slug": "understand-4-digisec_4-secure-communications",
  "type": "unit",
  "title": "Secure Communications",
  "parentTitle": "Understanding Digital Security",
  "locale": "en",
  "categories": [],
  "updatedAt": "2017-10-07T16:39:36.950Z",
  "cards": [
    {
      "stack": "1-1-intro",
      "stack-index": "1",
      "stack-length": "1",
      "title": "Get started",
      "unit": "4-secure-communications",
      "images": [],
      "type": "card",
      "subtype": "intro",
      "category": [],
      "contents": "<ul>\n<li><strong>Learn about using secure communications</strong></li>\n</ul>"
    }
  ,
    {
      "stack": "1-2-takeaways",
      "stack-index": "1",
      "stack-length": "1",
      "title": "Learn about",
      "unit": "4-secure-communications",
      "images": [],
      "type": "card",
      "subtype": "takeaways",
      "category": [],
      "contents": "<ul>\n<li><strong>Secure communication basics</strong></li>\n<li><strong>What to do if you believe your communication channels have been compromised?</strong></li>\n<li><strong>Using secure communications tools</strong></li>\n</ul>"
    }
  ,
    {
      "stack": "3-1-learn",
      "stack-index": "1",
      "stack-length": "5",
      "title": "Secure communication basics",
      "unit": "4-secure-communications",
      "images": [],
      "type": "card",
      "subtype": "learn",
      "category": [],
      "contents": "<h1 id=\"protecting-your-content\">Protecting your content</h1>\n<p>Secure communication is always a trade-off between security and convenience. When communicating there are different levels of security. This section focuses on protecting the content of your communications."
    }
  ,
    {
      "stack": "3-1-learn",
      "stack-index": "2",
      "stack-length": "5",
      "title": "Secure communication basics",
      "unit": "4-secure-communications",
      "images": [],
      "type": "card",
      "subtype": "learn",
      "category": [],
      "contents": "</p>\n<h1 id=\"choosing-the-appropriate-form\">Choosing the appropriate form</h1>\n<p>Choosing the most appropriate form of secure communication will depend on your unique situation, your threat model and the activities in which you are involved."
    }
  ,
    {
      "stack": "3-1-learn",
      "stack-index": "3",
      "stack-length": "5",
      "title": "Secure communication basics",
      "unit": "4-secure-communications",
      "images": [],
      "type": "card",
      "subtype": "learn",
      "category": [],
      "contents": "</p>\n<h1 id=\"communicating-when-surveilled\">Communicating when surveilled</h1>\n<p>If you are actively surveilled, for instance, you need to focus on many more aspects regarding your safety and the safety of the people you communicate with."
    }
  ,
    {
      "stack": "3-1-learn",
      "stack-index": "4",
      "stack-length": "5",
      "title": "Secure communication basics",
      "unit": "4-secure-communications",
      "images": [],
      "type": "card",
      "subtype": "learn",
      "category": [],
      "contents": "</p>\n<h1 id=\"end-to-end-encryption\">End-to-end encryption</h1>\n<p>A communication tool that provides end-to-end encryption (such a PGP-encrypted email, or chat with OTR or Textsecure on your phone) is better than using a tool with transport-layer encryption (such as Gmail, Facebook, or Twitter)."
    }
  ,
    {
      "stack": "3-1-learn",
      "stack-index": "5",
      "stack-length": "5",
      "title": "Secure communication basics",
      "unit": "4-secure-communications",
      "images": [],
      "type": "card",
      "subtype": "learn",
      "category": [],
      "contents": "</p>\n<h1 id=\"anonymisation\">Anonymisation</h1>\n<p>Anonymisation is another component of secure communications. Anonymisation tools hide the sender and recipient of a message and will protect the identity of the participants in a communication.</p>"
    }
  ,
    {
      "stack": "3-2-learn",
      "stack-index": "1",
      "stack-length": "7",
      "title": "If your communications are compromised",
      "unit": "4-secure-communications",
      "images": [],
      "type": "card",
      "subtype": "learn",
      "category": [],
      "contents": "<h1 id=\"consider-the-consequences\">Consider the consequences</h1>\n<p>In case your communications are compromised, you will have to consider the consequence for yourself and your contact you have been exchanging information with."
    }
  ,
    {
      "stack": "3-2-learn",
      "stack-index": "2",
      "stack-length": "7",
      "title": "If your communications are compromised",
      "unit": "4-secure-communications",
      "images": [],
      "type": "card",
      "subtype": "learn",
      "category": [],
      "contents": "</p>\n<h1 id=\"stop-using-the-communication-channel\">Stop using the communication channel</h1>\n<p><strong>Stop using the communications services/accounts that you believe are compromised immediately.</strong> Create a new account and remember not to re-use your existing usernames, passwords or email accounts."
    }
  ,
    {
      "stack": "3-2-learn",
      "stack-index": "3",
      "stack-length": "7",
      "title": "If your communications are compromised",
      "unit": "4-secure-communications",
      "images": [],
      "type": "card",
      "subtype": "learn",
      "category": [],
      "contents": "</p>\n<h1 id=\"using-google-products\">Using Google products</h1>\n<p>Unless your threat model includes surveillance by very well resourced governments such as the USA, the UK, China or many governments listed in Google&#39;s transparency report, using Google products may afford you a degree of protection."
    }
  ,
    {
      "stack": "3-2-learn",
      "stack-index": "4",
      "stack-length": "7",
      "title": "If your communications are compromised",
      "unit": "4-secure-communications",
      "images": [],
      "type": "card",
      "subtype": "learn",
      "category": [],
      "contents": "</p>\n<h1 id=\"google-tools\">Google tools</h1>\n<p>Google tools (especially using Google tools on Chrome) can significantly increase security in these situations, and gives you access to more secure email, chat and voice/video conferencing."
    }
  ,
    {
      "stack": "3-2-learn",
      "stack-index": "5",
      "stack-length": "7",
      "title": "If your communications are compromised",
      "unit": "4-secure-communications",
      "images": [],
      "type": "card",
      "subtype": "learn",
      "category": [],
      "contents": "</p>\n<h1 id=\"drawbacks-of-google-tools\">Drawbacks of Google tools</h1>\n<p>This security only helps &#39;inside&#39; Google, i.e. Gmail to Gmail or Gchat to Gchat. It offers less protection if anyone forwards this information outside of Google, or a different email address then Gmail is added to a Gchat discussion."
    }
  ,
    {
      "stack": "3-2-learn",
      "stack-index": "6",
      "stack-length": "7",
      "title": "If your communications are compromised",
      "unit": "4-secure-communications",
      "images": [],
      "type": "card",
      "subtype": "learn",
      "category": [],
      "contents": "</p>\n<h1 id=\"alternatives-to-google\">Alternatives to Google</h1>\n<p>An alternative to Google is <a href=\"https://www.riseup.net/\">Riseup</a>, a volunteer group working to create democratic alternatives and practice self-determination by controlling our own secure means of communications. They offer services such as Gmail and Gchat."
    }
  ,
    {
      "stack": "3-2-learn",
      "stack-index": "7",
      "stack-length": "7",
      "title": "If your communications are compromised",
      "unit": "4-secure-communications",
      "images": [],
      "type": "card",
      "subtype": "learn",
      "category": [],
      "contents": "</p>\n<h1 id=\"using-riseup\">Using Riseup</h1>\n<p>It is important to note that Riseup does not have the resources of Google. That said, depending on your situation, Riseup may be more appropriate.</p>"
    }
  ,
    {
      "stack": "3-3-learn",
      "stack-index": "1",
      "stack-length": "7",
      "title": "Secure communication tools",
      "unit": "4-secure-communications",
      "images": [],
      "type": "card",
      "subtype": "learn",
      "category": [],
      "contents": "<p>For end-to-end security, there are many tools with strong encryption you can use. Here are a few recommendations:</p>\n<h1 id=\"pidgin-and-adium\">Pidgin and Adium</h1>\n<p>Pidgin (PC) and Adium (Mac) allow you to chat securely, with end-to-end encryption using OTR. <a href=\"https://securityinabox.org/en/guide/pidgin/windows\">Here is a guide</a> to installing Pidgin with OTR."
    }
  ,
    {
      "stack": "3-3-learn",
      "stack-index": "2",
      "stack-length": "7",
      "title": "Secure communication tools",
      "unit": "4-secure-communications",
      "images": [],
      "type": "card",
      "subtype": "learn",
      "category": [],
      "contents": "</p>\n<h1 id=\"jitsi\">Jitsi</h1>\n<p>Jitsi can be used both for text chat as well as encrypted voice and video. <a href=\"https://securityinabox.org/en/guide/jitsi/windows\">Use this guide</a> to set it up. You can create an account for a secure voice/video call for free."
    }
  ,
    {
      "stack": "3-3-learn",
      "stack-index": "3",
      "stack-length": "7",
      "title": "Secure communication tools",
      "unit": "4-secure-communications",
      "images": [],
      "type": "card",
      "subtype": "learn",
      "category": [],
      "contents": "</p>\n<h1 id=\"pgp\">PGP</h1>\n<p>PGP (PC and Mac) allows you to set up end-to-end encryption for your email. Tactical Tech has developed a <a href=\"https://securityinabox.org/en/guide/thunderbird/windows\">detailed guide</a> for using PGP with Thunderbird on your computer."
    }
  ,
    {
      "stack": "3-3-learn",
      "stack-index": "4",
      "stack-length": "7",
      "title": "Secure communication tools",
      "unit": "4-secure-communications",
      "images": [],
      "type": "card",
      "subtype": "learn",
      "category": [],
      "contents": "</p>\n<h1 id=\"tor-browser-bundle\">Tor Browser Bundle</h1>\n<p>Tor Browser Bundle can be used to increase your security and privacy while visiting websites by bouncing your communications around a distributed network of relays run by volunteers all around the world."
    }
  ,
    {
      "stack": "3-3-learn",
      "stack-index": "5",
      "stack-length": "7",
      "title": "Secure communication tools",
      "unit": "4-secure-communications",
      "images": [],
      "type": "card",
      "subtype": "learn",
      "category": [],
      "contents": "</p>\n<h1 id=\"using-the-tor-bundle\">Using the Tor Bundle</h1>\n<p>For detailed instructions on using the Tor Browser Bundle, refer to the Using the Internet Anonymously lesson."
    }
  ,
    {
      "stack": "3-3-learn",
      "stack-index": "6",
      "stack-length": "7",
      "title": "Secure communication tools",
      "unit": "4-secure-communications",
      "images": [],
      "type": "card",
      "subtype": "learn",
      "category": [],
      "contents": "</p>\n<h1 id=\"using-a-smartphone\">Using a smartphone</h1>\n<p>For detailed instructions on communicating safely on a smartphone, refer to the Safe Phones section."
    }
  ,
    {
      "stack": "3-3-learn",
      "stack-index": "7",
      "stack-length": "7",
      "title": "Secure communication tools",
      "unit": "4-secure-communications",
      "images": [],
      "type": "card",
      "subtype": "learn",
      "category": [],
      "contents": "This is the end of the lesson. Please click the Home button on your left to go back to the menu.</p>"
    }
  ]
}
  