{
  "slug": "practice-1-emergencies_5-web-attack",
  "type": "unit",
  "title": "Website under attack",
  "parentTitle": "Deal with Emergencies",
  "locale": "en",
  "categories": [],
  "updatedAt": "2017-10-06T13:38:00.689Z",
  "cards": [
    {
      "stack": "1-1-intro",
      "stack-index": "1",
      "stack-length": "1",
      "title": "Website under attack",
      "unit": "5-web-attack",
      "images": [ "unit.svg"],
      "type": "card",
      "subtype": "intro",
      "category": [],
      "contents": "<p>Recover from having your website from being attacked or defaced.</p>"
    }
  ,
    {
      "stack": "1-2-takeaways",
      "stack-index": "1",
      "stack-length": "1",
      "title": "Learn how to",
      "unit": "5-web-attack",
      "images": [],
      "type": "card",
      "subtype": "takeaways",
      "category": [],
      "contents": "<ul>\n<li><a href=\"topics/practice-1-emergencies/5-ddos/3-1-learn.md\">Identify a DDOS attack</a></li>\n<li><a href=\"topics/practice-1-emergencies/5-ddos/3-2-learn.md\">Know if your website is down or defaced for another reason</a></li>\n<li><a href=\"topics/practice-1-emergencies/5-ddos/3-4-learn.md\">Deal with a DDOS attack</a></li>\n<li><a href=\"topics/practice-1-emergencies/5-ddos/3-5-learn.md\">Deal with website defacement</a></li>\n</ul>"
    }
  ,
    {
      "stack": "2-scenario",
      "stack-index": "1",
      "stack-length": "2",
      "title": "A down website",
      "unit": "5-web-attack",
      "images": [],
      "type": "card",
      "subtype": "scenario",
      "category": [],
      "contents": "<p>Brenda publishes a story about corruption on her organisation&#39;s website. Hours later, the website is down and she worries it is being attacked to silence her."
    }
  ,
    {
      "stack": "2-scenario",
      "stack-index": "2",
      "stack-length": "2",
      "title": "A down website",
      "unit": "5-web-attack",
      "images": [],
      "type": "card",
      "subtype": "scenario",
      "category": [],
      "contents": "Before she can be sure the site is under attack, Brenda needs to rule out other possible causes for the down website. If it is being attacked, she needs to know how to fix it.</p>"
    }
  ,
    {
      "stack": "3-1-learn",
      "stack-index": "1",
      "stack-length": "5",
      "title": "What is a DDOS attack?",
      "unit": "5-web-attack",
      "images": [ "recap1.svg"],
      "type": "card",
      "subtype": "learn",
      "category": [],
      "contents": "<h1 id=\"silencing-your-voice\">Silencing your voice</h1>\n<p>A threat faced by many independent journalists, news sites and bloggers is being silenced because their website is down or defaced."
    }
  ,
    {
      "stack": "3-1-learn",
      "stack-index": "3",
      "stack-length": "5",
      "title": "What is a DDOS attack?",
      "unit": "5-web-attack",
      "images": [ "recap1.svg"],
      "type": "card",
      "subtype": "learn",
      "category": [],
      "contents": "</p>\n<h1 id=\"website-takeover\">Website takeover</h1>\n<p>In many cases, this maybe an innocent and frustrating problem. But on occasion, it may be due to a distributed ‘denial of service’ (DDOS) attack or a website takeover."
    }
  ,
    {
      "stack": "3-1-learn",
      "stack-index": "4",
      "stack-length": "5",
      "title": "What is a DDOS attack?",
      "unit": "5-web-attack",
      "images": [ "recap1.svg"],
      "type": "card",
      "subtype": "learn",
      "category": [],
      "contents": "</p>\n<h1 id=\"overloading-the-website\">Overloading the website</h1>\n<p>A DDOS attack is when an attacker uses thousands of machines and possibly automated tools to repeatedly and rapidly view a webpage in order to crowd out normal readers."
    }
  ,
    {
      "stack": "3-1-learn",
      "stack-index": "5",
      "stack-length": "5",
      "title": "What is a DDOS attack?",
      "unit": "5-web-attack",
      "images": [ "recap1.svg"],
      "type": "card",
      "subtype": "learn",
      "category": [],
      "contents": "</p>\n<blockquote>\n<p>DDOS attacks repeatedly view a webpage to overload the server</p>\n</blockquote>"
    }
  ,
    {
      "stack": "3-2-learn",
      "stack-index": "1",
      "stack-length": "4",
      "title": "Rule out other reasons",
      "unit": "5-web-attack",
      "images": [],
      "type": "card",
      "subtype": "learn",
      "category": [],
      "contents": "<h1 id=\"programming-or-technical-problems\">Programming or technical problems</h1>\n<p>To start, it is important to know that there are many reasons why your website can be down. Most often this is due to programming errors or technical problems at the company that hosts the site."
    }
  ,
    {
      "stack": "3-2-learn",
      "stack-index": "2",
      "stack-length": "4",
      "title": "Rule out other reasons",
      "unit": "5-web-attack",
      "images": [],
      "type": "card",
      "subtype": "learn",
      "category": [],
      "contents": "</p>\n<h1 id=\"speak-with-an-expert\">Speak with an expert</h1>\n<p>Sometimes, other things like legal challenges can cause a host to turn a site off as well. Before you conclude you are the victim of a DDOS attack, make sure to root out potential problems by speaking with someone in charge of your website."
    }
  ,
    {
      "stack": "3-2-learn",
      "stack-index": "3",
      "stack-length": "4",
      "title": "Rule out other reasons",
      "unit": "5-web-attack",
      "images": [],
      "type": "card",
      "subtype": "learn",
      "category": [],
      "contents": "</p>\n<h1 id=\"fixing-it-yourself\">Fixing it yourself</h1>\n<p>If you don&#39;t have someone in charge of your website, read the lesson on other reasons your site may be down."
    }
  ,
    {
      "stack": "3-2-learn",
      "stack-index": "4",
      "stack-length": "4",
      "title": "Rule out other reasons",
      "unit": "5-web-attack",
      "images": [],
      "type": "card",
      "subtype": "learn",
      "category": [],
      "contents": "</p>\n<blockquote>\n<p>Fixing your website yourself can be difficult</p>\n</blockquote>"
    }
  ,
    {
      "stack": "3-4-learn",
      "stack-index": "1",
      "stack-length": "6",
      "title": "Getting your site back up",
      "unit": "5-web-attack",
      "images": [],
      "type": "card",
      "subtype": "learn",
      "category": [],
      "contents": "<blockquote>\n<p>Step 1</p>\n<h1 id=\"talk-to-your-webmaster\">Talk to your webmaster</h1>\n</blockquote>\n<p>Contact a trusted person who can help with your website (your webmaster, the people who helped you set up your site, your internal staff if you have them and the company that hosts your site)."
    }
  ,
    {
      "stack": "3-4-learn",
      "stack-index": "2",
      "stack-length": "6",
      "title": "Getting your site back up",
      "unit": "5-web-attack",
      "images": [],
      "type": "card",
      "subtype": "learn",
      "category": [],
      "contents": "</p>\n<blockquote>\n<p>Step 2</p>\n<h1 id=\"change-your-domain-settings\">Change your domain settings</h1>\n</blockquote>\n<p>Ask your webmaster to change the ‘Time to Live’ or TTL to 1 hour. This can help you redirect your site much faster once it comes under attack (the default is 72 hours, or three days)."
    }
  ,
    {
      "stack": "3-4-learn",
      "stack-index": "3",
      "stack-length": "6",
      "title": "Getting your site back up",
      "unit": "5-web-attack",
      "images": [],
      "type": "card",
      "subtype": "learn",
      "category": [],
      "contents": "</p>\n<h1 id=\"changing-settings-yourself\">Changing settings yourself</h1>\n<p>If you are trying to do this yourself: This setting will often be found in ‘advanced’ properties for your domain, sometimes part of the SRV or Service records. Refer to the <a href=\"https://wiki.gandi.net/en/dns/change\">guide put together by Gandi</a> or work with the company you bought your domain from (like EasyDNS, Network Solutions, GoDaddy)."
    }
  ,
    {
      "stack": "3-4-learn",
      "stack-index": "4",
      "stack-length": "6",
      "title": "Getting your site back up",
      "unit": "5-web-attack",
      "images": [],
      "type": "card",
      "subtype": "learn",
      "category": [],
      "contents": "</p>\n<blockquote>\n<p>Step 3</p>\n<h1 id=\"use-a-ddos-mitigation-service\">Use a DDoS Mitigation service</h1>\n<p>Have your webmaster move your site to a DDoS mitigation service. Examples:</p>\n<ul>\n<li><a href=\"https://deflect.ca/\">Deflect.ca</a></li>\n<li><a href=\"https://projectshield.withgoogle.com/public/\">Google’s Project Shield</a></li>\n<li><a href=\"https://www.cloudflare.com/galileo/\">CloudFlare’s Project Galileo</a>"
    }
  ,
    {
      "stack": "3-4-learn",
      "stack-index": "5",
      "stack-length": "6",
      "title": "Getting your site back up",
      "unit": "5-web-attack",
      "images": [],
      "type": "card",
      "subtype": "learn",
      "category": [],
      "contents": "If you are doing this yourself <a href=\"https://www.eff.org/\">refer to the guide Electronic Frontier Foundation</a> has put together\nStep 4<h1 id=\"review-your-needs\">Review your needs</h1>\nAs soon as you have regained control, review your needs and decide between a secure hosting provider or simply continuing with your DDoS mitigation service"
    }
  ,
    {
      "stack": "3-4-learn",
      "stack-index": "6",
      "stack-length": "6",
      "title": "Getting your site back up",
      "unit": "5-web-attack",
      "images": [],
      "type": "card",
      "subtype": "learn",
      "category": [],
      "contents": "DDoS mitigation services protect your website from being overloaded</li>\n</ul>\n</blockquote>"
    }
  ,
    {
      "stack": "3-5-learn",
      "stack-index": "1",
      "stack-length": "12",
      "title": "Is your website defaced?",
      "unit": "5-web-attack",
      "images": [],
      "type": "card",
      "subtype": "learn",
      "category": [],
      "contents": "<blockquote>\n<p>Step 1</p>\n<h1 id=\"verify-you-website-is-defaced\">Verify you website is defaced</h1>\n</blockquote>\n<p> Verify that this is a malicious takeover of your website. An unfortunate but legal practice is to buy recently expired domain names to ‘take over’ the traffic they had for advertising purposes."
    }
  ,
    {
      "stack": "3-5-learn",
      "stack-index": "2",
      "stack-length": "12",
      "title": "Is your website defaced?",
      "unit": "5-web-attack",
      "images": [],
      "type": "card",
      "subtype": "learn",
      "category": [],
      "contents": "</p>\n<h1 id=\"make-payments-on-time\">Make payments on time</h1>\n<p>To prevent this, it is very important to keep payments for your domain name on time."
    }
  ,
    {
      "stack": "3-5-learn",
      "stack-index": "3",
      "stack-length": "12",
      "title": "Is your website defaced?",
      "unit": "5-web-attack",
      "images": [],
      "type": "card",
      "subtype": "learn",
      "category": [],
      "contents": "</p>\n<blockquote>\n<p>Step 2</p>\n<h1 id=\"regain-control-of-your-website\">Regain control of your website</h1>\n</blockquote>\n<p>If your website has been defaced, first regain control of your website login account and reset its password, see the Account Hijacking lesson for help."
    }
  ,
    {
      "stack": "3-5-learn",
      "stack-index": "4",
      "stack-length": "12",
      "title": "Is your website defaced?",
      "unit": "5-web-attack",
      "images": [],
      "type": "card",
      "subtype": "learn",
      "category": [],
      "contents": "</p>\n<blockquote>\n<p>Step 3</p>\n<h1 id=\"make-a-backup-of-the-defaced-website\">Make a backup of the defaced website</h1>\n</blockquote>\n<p>Make a backup of the defaced site that can later be used for investigation of the defacement."
    }
  ,
    {
      "stack": "3-5-learn",
      "stack-index": "5",
      "stack-length": "12",
      "title": "Is your website defaced?",
      "unit": "5-web-attack",
      "images": [],
      "type": "card",
      "subtype": "learn",
      "category": [],
      "contents": "</p>\n<blockquote>\n<p>Step 4</p>\n<h1 id=\"turn-off-your-website\">Turn off your website</h1>\n</blockquote>\n<p>Temporarily turn off your website – use a simple landing page or ‘parked’ page."
    }
  ,
    {
      "stack": "3-5-learn",
      "stack-index": "6",
      "stack-length": "12",
      "title": "Is your website defaced?",
      "unit": "5-web-attack",
      "images": [],
      "type": "card",
      "subtype": "learn",
      "category": [],
      "contents": "</p>\n<blockquote>\n<p>Step 5</p>\n<h1 id=\"determine-how-your-site-was-hacked\">Determine how your site was hacked</h1>\n</blockquote>\n<p>Determine how your site was hacked. Your hosting provider may be able to help."
    }
  ,
    {
      "stack": "3-5-learn",
      "stack-index": "7",
      "stack-length": "12",
      "title": "Is your website defaced?",
      "unit": "5-web-attack",
      "images": [],
      "type": "card",
      "subtype": "learn",
      "category": [],
      "contents": "</p>\n<h1 id=\"common-reasons-your-site-is-defaced-\">Common reasons your site is defaced.</h1>\n<p>Common problems are older parts of your site with custom scripts/tools running on them, out of date content management systems, and custom programming with security flaws."
    }
  ,
    {
      "stack": "3-5-learn",
      "stack-index": "8",
      "stack-length": "12",
      "title": "Is your website defaced?",
      "unit": "5-web-attack",
      "images": [],
      "type": "card",
      "subtype": "learn",
      "category": [],
      "contents": "</p>\n<blockquote>\n<p>Step 6</p>\n<h1 id=\"restore-your-original-website\">Restore your original website</h1>\n</blockquote>\n<p>Restore your original from backups. If neither you nor your hosting company have backups, you may have to re-build your website from scratch!"
    }
  ,
    {
      "stack": "3-5-learn",
      "stack-index": "9",
      "stack-length": "12",
      "title": "Is your website defaced?",
      "unit": "5-web-attack",
      "images": [],
      "type": "card",
      "subtype": "learn",
      "category": [],
      "contents": "</p>\n<h1 id=\"keep-backups-off-your-hosting-provider\">Keep backups off your hosting provider</h1>\n<p>Also note that if your only backups are at your hosting provider, an attacker may be able to delete those when they take control of your site!"
    }
  ,
    {
      "stack": "3-5-learn",
      "stack-index": "10",
      "stack-length": "12",
      "title": "Is your website defaced?",
      "unit": "5-web-attack",
      "images": [],
      "type": "card",
      "subtype": "learn",
      "category": [],
      "contents": "</p>\n<blockquote>\n<p>Step 7</p>\n<h1 id=\"use-a-ddos-mitigation-service\">Use a DDoS mitigation service</h1>\n</blockquote>\n<p>Move to a DDoS Mitigation service or secure hosting provider. Deflect.ca can support you in protecting your site from online attacks. CloudFlare can also block many common attacks."
    }
  ,
    {
      "stack": "3-5-learn",
      "stack-index": "11",
      "stack-length": "12",
      "title": "Is your website defaced?",
      "unit": "5-web-attack",
      "images": [],
      "type": "card",
      "subtype": "learn",
      "category": [],
      "contents": "</p>\n<h1 id=\"detecting-and-preventing-attacks\">Detecting and preventing attacks</h1>\n<p>Secure hosting providers such as VirtualRoad/Qurium go to great lengths to detect and prevent such attacks."
    }
  ,
    {
      "stack": "3-5-learn",
      "stack-index": "12",
      "stack-length": "12",
      "title": "Is your website defaced?",
      "unit": "5-web-attack",
      "images": [],
      "type": "card",
      "subtype": "learn",
      "category": [],
      "contents": "</p>\n<blockquote>\n<p>Restore your original website </p>\n</blockquote>"
    }
  ]
}
  