{
  "slug": "tool-92-android-hygiene_0-get-started",
  "type": "unit",
  "title": "Get Started",
  "parentTitle": "Android Hygiene",
  "locale": "en",
  "categories": [],
  "updatedAt": "2017-10-01T09:40:58.012Z",
  "cards": [
    {
      "stack": "1-1-intro",
      "stack-index": "1",
      "stack-length": "1",
      "title": "Get Started",
      "unit": "0-get-started",
      "images": [],
      "type": "card",
      "subtype": "intro",
      "category": [],
      "contents": "<p>Learn the basics about securing your Android device</p>"
    }
  ,
    {
      "stack": "1-2-takeaways",
      "stack-index": "1",
      "stack-length": "1",
      "title": "Takeaways",
      "unit": "0-get-started",
      "images": [],
      "type": "card",
      "subtype": "takeaways",
      "category": [],
      "contents": "<ul>\n<li><a href=\"topics/tool-8-android-hygiene/0-getting-started/3-1-learn.md\">Restrict access to your phone</a></li>\n<li><a href=\"topics/tool-8-android-hygiene/0-getting-started/3-2-learn.md\">Encrypt your device</a></li>\n<li><a href=\"topics/tool-8-android-hygiene/0-getting-started/3-3-learn.md\">Adjust network settings</a></li>\n<li><a href=\"topics/tool-8-android-hygiene/0-getting-started/3-4-learn.md\">Turn off location tracking</a></li>\n<li><a href=\"topics/tool-8-android-hygiene/0-getting-started/3-5-learn.md\">Turn on caller-ID</a></li>\n<li><a href=\"topics/tool-8-android-hygiene/0-getting-started/3-6-learn.md\">Update your operating system and software</a></li>\n</ul>"
    }
  ,
    {
      "stack": "3-1-learn",
      "stack-index": "1",
      "stack-length": "5",
      "title": "Access to your phone",
      "unit": "0-get-started",
      "images": [],
      "type": "card",
      "subtype": "learn",
      "category": [],
      "contents": "<h1 id=\"enable-lock-sim-card\">Enable Lock SIM card</h1>\n<p>Enable Lock SIM card, found under <em>Settings -&gt; Personal -&gt; Security -&gt; Set up SIM card lock</em>."
    }
  ,
    {
      "stack": "3-1-learn",
      "stack-index": "2",
      "stack-length": "5",
      "title": "Access to your phone",
      "unit": "0-get-started",
      "images": [],
      "type": "card",
      "subtype": "learn",
      "category": [],
      "contents": "</p>\n<h1 id=\"enable-lock-sim-card\">Enable Lock SIM card</h1>\n<p>This will mean that you must enter a PIN number in order to unlock your SIM card each time your phone is switched on, with out the PIN no phone calls can be made."
    }
  ,
    {
      "stack": "3-1-learn",
      "stack-index": "3",
      "stack-length": "5",
      "title": "Access to your phone",
      "unit": "0-get-started",
      "images": [],
      "type": "card",
      "subtype": "learn",
      "category": [],
      "contents": "</p>\n<h1 id=\"set-up-a-screen-lock\">Set up a Screen lock</h1>\n<p>Set up a Screen Lock, found under <em>Settings -&gt; Personal -&gt; Security -&gt; Screen Lock</em>, which will ensure that a code, pattern or password needs to be entered in order to unlock the screen once it has been locked."
    }
  ,
    {
      "stack": "3-1-learn",
      "stack-index": "4",
      "stack-length": "5",
      "title": "Access to your phone",
      "unit": "0-get-started",
      "images": [],
      "type": "card",
      "subtype": "learn",
      "category": [],
      "contents": "</p>\n<h1 id=\"set-up-a-screen-lock\">Set up a Screen Lock</h1>\n<p>We recommended using the PIN or Password option, as these are not restricted by length. Refer to the <a href=\"/en/topics/understand-4-digisec/2-passwords/1-1-intro.md\">Passwords</a> lesson to learn how to create a strong password.\n&lt;br.</p>\n<h1 id=\"set-security-lock-timer\">Set security lock timer</h1>\n<p>Set the security lock timer, which will automatically lock your phone after a specified time."
    }
  ,
    {
      "stack": "3-1-learn",
      "stack-index": "5",
      "stack-length": "5",
      "title": "Access to your phone",
      "unit": "0-get-started",
      "images": [],
      "type": "card",
      "subtype": "learn",
      "category": [],
      "contents": "</p>\n<h1 id=\"set-security-lock-timer\">Set security lock timer</h1>\n<p>You can specify a value which suits you, depending on how regularly you are willing to have to unlock your phone.</p>"
    }
  ,
    {
      "stack": "3-2-learn",
      "stack-index": "1",
      "stack-length": "3",
      "title": "Device encryption",
      "unit": "0-get-started",
      "images": [],
      "type": "card",
      "subtype": "learn",
      "category": [],
      "contents": "<h1 id=\"turn-on\">Turn on</h1>\n<p>If your device uses Android version 4.0 or newer, you should turn on device encryption. This can be done in <em>Settings -&gt; Personal -&gt; Security -&gt; Encryption.</em>"
    }
  ,
    {
      "stack": "3-2-learn",
      "stack-index": "2",
      "stack-length": "3",
      "title": "Device encryption",
      "unit": "0-get-started",
      "images": [],
      "type": "card",
      "subtype": "learn",
      "category": [],
      "contents": "</p>\n<h1 id=\"set-a-screen-lock-password\">Set a screen lock password</h1>\n<p>Before you can utilise device encryption, however, you will be required to set a screen lock password."
    }
  ,
    {
      "stack": "3-2-learn",
      "stack-index": "3",
      "stack-length": "3",
      "title": "Device encryption",
      "unit": "0-get-started",
      "images": [],
      "type": "card",
      "subtype": "learn",
      "category": [],
      "contents": "<strong>Note:</strong> Before starting the encryption process, ensure the phone is fully charged and plugged into a power source.</p>"
    }
  ,
    {
      "stack": "3-3-learn",
      "stack-index": "1",
      "stack-length": "2",
      "title": "Network settings",
      "unit": "0-get-started",
      "images": [],
      "type": "card",
      "subtype": "learn",
      "category": [],
      "contents": "<h1 id=\"turn-off-wi-fi-and-bluetooth-by-default-\">Turn off Wi-Fi and Bluetooth by default.</h1>\n<p>Ensure that Tethering and Portable Hotspots, under Wireless and Network Settings, are switched off when not in use. <em>Settings -&gt; Wireless &amp; Networks -&gt; More -&gt; Tethering &amp; Mobile hotspot</em>."
    }
  ,
    {
      "stack": "3-3-learn",
      "stack-index": "2",
      "stack-length": "2",
      "title": "Network settings",
      "unit": "0-get-started",
      "images": [],
      "type": "card",
      "subtype": "learn",
      "category": [],
      "contents": "</p>\n<h1 id=\"manually-switch-off-near-field-communication\">Manually switch off Near Field Communication</h1>\n<p>If your device supports Near Field Communication (NFC), this will be switched on by default, and so must be switched off manually.</p>"
    }
  ,
    {
      "stack": "3-4-learn",
      "stack-index": "1",
      "stack-length": "2",
      "title": "Location settings",
      "unit": "0-get-started",
      "images": [],
      "type": "card",
      "subtype": "learn",
      "category": [],
      "contents": "<h1 id=\"turn-off-wireless-and-gps-location\">Turn off Wireless and GPS location</h1>\n<p>Switch off Wireless and GPS location (under Location Services) and mobile data (this can be found under <em>Settings -&gt; Personal -&gt; Location</em>). Only turn on location settings if you need them."
    }
  ,
    {
      "stack": "3-4-learn",
      "stack-index": "2",
      "stack-length": "2",
      "title": "Location settings",
      "unit": "0-get-started",
      "images": [],
      "type": "card",
      "subtype": "learn",
      "category": [],
      "contents": "</p>\n<h1 id=\"importance-of-turning-off\">Importance of turning off</h1>\n<p>Turning off Wireless and GPS location reduces the risk of location tracking, saves battery power, and reduces unwanted data streams initiated by applications running in the background or remotely by your mobile carrier.</p>"
    }
  ,
    {
      "stack": "3-5-learn",
      "stack-index": "1",
      "stack-length": "1",
      "title": "Caller identity",
      "unit": "0-get-started",
      "images": [],
      "type": "card",
      "subtype": "learn",
      "category": [],
      "contents": "<p>If you want to hide your caller-ID, go to <em>Phone Dialler -&gt; settings -&gt; Additional Settings -&gt; Caller ID -&gt; hide number</em>.</p>"
    }
  ,
    {
      "stack": "3-6-learn",
      "stack-index": "1",
      "stack-length": "4",
      "title": "Software updates",
      "unit": "0-get-started",
      "images": [],
      "type": "card",
      "subtype": "learn",
      "category": [],
      "contents": "<h1 id=\"update-regularly\">Update regularly</h1>\n<p>To ensure that you phone remains secure, it is strongly recommended to keep your software updated. There are two types of updates that need to be checked:"
    }
  ,
    {
      "stack": "3-6-learn",
      "stack-index": "2",
      "stack-length": "4",
      "title": "Software updates",
      "unit": "0-get-started",
      "images": [],
      "type": "card",
      "subtype": "learn",
      "category": [],
      "contents": "</p>\n<h1 id=\"operating-system\">Operating system</h1>\n<p>The phone operating system: go to: <em>settings -&gt; About phone -&gt; updates -&gt; check for updates</em>."
    }
  ,
    {
      "stack": "3-6-learn",
      "stack-index": "3",
      "stack-length": "4",
      "title": "Software updates",
      "unit": "0-get-started",
      "images": [],
      "type": "card",
      "subtype": "learn",
      "category": [],
      "contents": "</p>\n<h1 id=\"apps-you-have-installed\">Apps you have installed</h1>\n<p>Apps you have installed: Open the Play store app, from the side menu select My Apps."
    }
  ,
    {
      "stack": "3-6-learn",
      "stack-index": "4",
      "stack-length": "4",
      "title": "Software updates",
      "unit": "0-get-started",
      "images": [],
      "type": "card",
      "subtype": "learn",
      "category": [],
      "contents": "<strong>Note:</strong> When updating your phones software it is important to do it from a trusted location such as your internet connection at home instead of somewhere like an internet cafe or coffee shop.</p>"
    }
  ,
    {
      "stack": "5-next",
      "stack-index": "1",
      "stack-length": "1",
      "title": "Next",
      "unit": "0-get-started",
      "images": [],
      "type": "card",
      "subtype": "next",
      "category": [],
      "contents": "<hr>\n<ul>\n<li>en/topics/tool-2-signal/0-getting-started/1-1-intro.md: Using the Signal app for secure messaging</li>\n<li>en/topics/understand-4-digisec/4-secure-communications/1-1-intro.md: Learn to communicate securely</li>\n<li>en/topics/understand-4-digisec/1-encryption/1-1-intro.md: Basics of encryption</li>\n</ul>\n<hr>\n<p>See also:</p>\n<ul>\n<li>Tactical Technology Collective: <a href=\"https://securityinabox.org/en/eco-rights-africa/basic-setup/android\">Basic Android Security Setup Guide</a></li>\n</ul>"
    }
  ]
}
  