{
  "slug": "tool-91-computer-hygiene_1-antivirus",
  "type": "unit",
  "title": "Understand Threats",
  "parentTitle": "Computer Hygiene",
  "locale": "en",
  "categories": [],
  "updatedAt": "2017-10-06T14:56:27.520Z",
  "cards": [
    {
      "stack": "1-1-intro",
      "stack-index": "1",
      "stack-length": "1",
      "title": "Anti-virus software",
      "unit": "1-antivirus",
      "images": [],
      "type": "card",
      "subtype": "intro",
      "category": [],
      "contents": "<p>Anti-virus software is a valuable tool against non-targeted but still dangerous malware.</p>"
    }
  ,
    {
      "stack": "1-2-takeaways",
      "stack-index": "1",
      "stack-length": "1",
      "title": "Learn about",
      "unit": "1-antivirus",
      "images": [],
      "type": "card",
      "subtype": "takeaways",
      "category": [],
      "contents": "<ul>\n<li><a href=\"topics/practice-2-planning/1-threats/3-1-learn.md\">Recommended anti-virus software</a></li>\n<li><a href=\"topics/practice-2-planning/1-threats/3-2-learn.md\">Using anti-virus software</a></li>\n</ul>"
    }
  ,
    {
      "stack": "3-1-learn",
      "stack-index": "1",
      "stack-length": "1",
      "title": "Recommended anti-virus software",
      "unit": "1-antivirus",
      "images": [],
      "type": "card",
      "subtype": "learn",
      "category": [],
      "contents": "<ul>\n<li>Microsoft Safety Scanner (Windows)</li>\n<li>F-Secure</li>\n<li>Kaspersky</li>\n<li>ClamXav (Mac OS X)</li>\n<li>TrendMicro</li>\n<li>ClamAV (Windows and Linux)</li>\n</ul>"
    }
  ,
    {
      "stack": "3-2-learn",
      "stack-index": "1",
      "stack-length": "4",
      "title": "Using anti-virus software",
      "unit": "1-antivirus",
      "images": [],
      "type": "card",
      "subtype": "learn",
      "category": [],
      "contents": "<p>When you run anti-virus software, ensure that it is up to date."
    }
  ,
    {
      "stack": "3-2-learn",
      "stack-index": "2",
      "stack-length": "4",
      "title": "Using anti-virus software",
      "unit": "1-antivirus",
      "images": [],
      "type": "card",
      "subtype": "learn",
      "category": [],
      "contents": "</p>\n<h1 id=\"step-1-\">Step 1:</h1>\n<p>Take a screenshot of the message."
    }
  ,
    {
      "stack": "3-2-learn",
      "stack-index": "3",
      "stack-length": "4",
      "title": "Using anti-virus software",
      "unit": "1-antivirus",
      "images": [],
      "type": "card",
      "subtype": "learn",
      "category": [],
      "contents": "</p>\n<h1 id=\"step-2\">Step 2</h1>\n<p>Continue with the recommended steps to remove the virus."
    }
  ,
    {
      "stack": "3-2-learn",
      "stack-index": "4",
      "stack-length": "4",
      "title": "Using anti-virus software",
      "unit": "1-antivirus",
      "images": [],
      "type": "card",
      "subtype": "learn",
      "category": [],
      "contents": "</p>\n<h1 id=\"step-3\">Step 3</h1>\n<p>Following the guidelines in the Secure Communication section, send the screenshot to a trusted person with security expertise.</p>"
    }
  ]
}
  