{
  "slug": "tool-91-computer-hygiene_1-antivirus",
  "type": "unit",
  "title": "Understand Threats",
  "parentTitle": "Computer Hygiene",
  "locale": "en",
  "categories": [],
  "updatedAt": "2017-10-07T16:39:36.950Z",
  "cards": [
    {
      "stack": "1-1-intro",
      "stack-index": "1",
      "stack-length": "1",
      "title": "Anti-virus software",
      "unit": "1-antivirus",
      "images": [],
      "type": "card",
      "subtype": "intro",
      "category": [],
      "contents": "<ul>\n<li><strong>Anti-virus software is a valuable tool against non-targeted but still dangerous malware</strong></li>\n</ul>"
    }
  ,
    {
      "stack": "1-2-takeaways",
      "stack-index": "1",
      "stack-length": "1",
      "title": "Learn about",
      "unit": "1-antivirus",
      "images": [],
      "type": "card",
      "subtype": "takeaways",
      "category": [],
      "contents": "<ul>\n<li><strong>Recommended anti-virus software</strong></li>\n<li><strong>Using anti-virus software</strong></li>\n</ul>"
    }
  ,
    {
      "stack": "3-1-learn",
      "stack-index": "1",
      "stack-length": "1",
      "title": "Recommended anti-virus software",
      "unit": "1-antivirus",
      "images": [],
      "type": "card",
      "subtype": "learn",
      "category": [],
      "contents": "<ul>\n<li>Microsoft Safety Scanner (Windows)</li>\n<li>F-Secure</li>\n<li>Kaspersky</li>\n<li>ClamXav (Mac OS X)</li>\n<li>TrendMicro</li>\n<li>ClamAV (Windows and Linux)</li>\n</ul>"
    }
  ,
    {
      "stack": "3-2-learn",
      "stack-index": "1",
      "stack-length": "5",
      "title": "Using anti-virus software",
      "unit": "1-antivirus",
      "images": [],
      "type": "card",
      "subtype": "learn",
      "category": [],
      "contents": "<p>When you run anti-virus software, ensure that it is up to date."
    }
  ,
    {
      "stack": "3-2-learn",
      "stack-index": "2",
      "stack-length": "5",
      "title": "Using anti-virus software",
      "unit": "1-antivirus",
      "images": [],
      "type": "card",
      "subtype": "learn",
      "category": [],
      "contents": "</p>\n<h1 id=\"step-1-\">Step 1:</h1>\n<p>Take a screenshot of the message."
    }
  ,
    {
      "stack": "3-2-learn",
      "stack-index": "3",
      "stack-length": "5",
      "title": "Using anti-virus software",
      "unit": "1-antivirus",
      "images": [],
      "type": "card",
      "subtype": "learn",
      "category": [],
      "contents": "</p>\n<h1 id=\"step-2\">Step 2</h1>\n<p>Continue with the recommended steps to remove the virus."
    }
  ,
    {
      "stack": "3-2-learn",
      "stack-index": "4",
      "stack-length": "5",
      "title": "Using anti-virus software",
      "unit": "1-antivirus",
      "images": [],
      "type": "card",
      "subtype": "learn",
      "category": [],
      "contents": "</p>\n<h1 id=\"step-3\">Step 3</h1>\n<p>Following the guidelines in the Secure Communication section, send the screenshot to a trusted person with security expertise."
    }
  ,
    {
      "stack": "3-2-learn",
      "stack-index": "5",
      "stack-length": "5",
      "title": "Using anti-virus software",
      "unit": "1-antivirus",
      "images": [],
      "type": "card",
      "subtype": "learn",
      "category": [],
      "contents": "This is the end of the lesson. Please click the Home button on your left to go back to the menu.</p>"
    }
  ]
}
  