{
  "slug": "practice-4-safe-social-networks_3-facebook-chat",
  "type": "unit",
  "title": "Chatting securely",
  "parentTitle": "Safe Social Networks",
  "locale": "en",
  "categories": [],
  "updatedAt": "2017-10-01T12:52:36.054Z",
  "cards": [
    {
      "stack": "1-1-intro",
      "stack-index": "1",
      "stack-length": "1",
      "title": "Communicate securely on Facebook",
      "unit": "3-facebook-chat",
      "images": [],
      "type": "card",
      "subtype": "intro",
      "category": [],
      "contents": "<p>Learn to encrypt your Facebook voice calls and instant messages.</p>"
    }
  ,
    {
      "stack": "1-2-takeaways",
      "stack-index": "1",
      "stack-length": "1",
      "title": "Learn how to",
      "unit": "3-facebook-chat",
      "images": [],
      "type": "card",
      "subtype": "takeaways",
      "category": [],
      "contents": "<ul>\n<li><a href=\"topics/practice-4-safe-social-networks/3-facebook-chat/3-learn.md\">Understand Facebook communication basics</a></li>\n<li><a href=\"topics/practice-4-safe-social-networks/3-facebook-chat/4-2-howto.md\">Install the messaging application Jitsi</a></li>\n<li><a href=\"topics/practice-4-safe-social-networks/3-facebook-chat/4-3-howto.md\">Add your Facebook account on Jitsi</a></li>\n<li><a href=\"topics/practice-4-safe-social-networks/3-facebook-chat/4-4-howto.md\">Encrypt your Facebook instant messages</a></li>\n<li><a href=\"topics/practice-4-safe-social-networks/3-facebook-chat/4-5-howto.md\">Encrypt your Facebook voice calls</a></li>\n</ul>"
    }
  ,
    {
      "stack": "2-scenario",
      "stack-index": "1",
      "stack-length": "2",
      "title": "A safe conversation...",
      "unit": "3-facebook-chat",
      "images": [],
      "type": "card",
      "subtype": "scenario",
      "category": [],
      "contents": "<p>Brenda and Isaac are journalists communicating via Facebook. They know that law enforcement agencies are able to intercept their Facebook messages because they are unencrypted."
    }
  ,
    {
      "stack": "2-scenario",
      "stack-index": "2",
      "stack-length": "2",
      "title": "A safe conversation...",
      "unit": "3-facebook-chat",
      "images": [],
      "type": "card",
      "subtype": "scenario",
      "category": [],
      "contents": "They need to learn how to encrypt their communication. If they don&#39;t, they worry the content of their communications will be used against them.</p>"
    }
  ,
    {
      "stack": "3-learn",
      "stack-index": "1",
      "stack-length": "5",
      "title": "Facebook communication basics",
      "unit": "3-facebook-chat",
      "images": [],
      "type": "card",
      "subtype": "learn",
      "category": [],
      "contents": "<h1 id=\"encryption-is-safe\">Encryption is safe</h1>\n<p>You can easily enhance the privacy and security of your Facebook communications by using encryption."
    }
  ,
    {
      "stack": "3-learn",
      "stack-index": "2",
      "stack-length": "5",
      "title": "Facebook communication basics",
      "unit": "3-facebook-chat",
      "images": [],
      "type": "card",
      "subtype": "learn",
      "category": [],
      "contents": "</p>\n<h1 id=\"unencrypted-communication-is-dangerous\">Unencrypted communication is dangerous</h1>\n<p>When you communicate over Facebook without the use of encryption, the company and all other third parties it potentially shares your data with (including other advertising companies and law enforcement agencies) can have access to the content of your instant messages (IM) and voice calls (VoIP)."
    }
  ,
    {
      "stack": "3-learn",
      "stack-index": "3",
      "stack-length": "5",
      "title": "Facebook communication basics",
      "unit": "3-facebook-chat",
      "images": [],
      "type": "card",
      "subtype": "learn",
      "category": [],
      "contents": "</p>\n<h1 id=\"protect-your-network\">Protect your network</h1>\n<p>Not only can insecure communication potentially expose your data to beach, but also that of your contacts."
    }
  ,
    {
      "stack": "3-learn",
      "stack-index": "4",
      "stack-length": "5",
      "title": "Facebook communication basics",
      "unit": "3-facebook-chat",
      "images": [],
      "type": "card",
      "subtype": "learn",
      "category": [],
      "contents": "</p>\n<h1 id=\"use-jitsi\">Use Jitsi</h1>\n<p>To enhance the privacy and security of your communications, you can install Jitsi: a client which supports the Off-the-Record (OTR) protocol for IM encryption and ZRTP for VoIP encryption."
    }
  ,
    {
      "stack": "3-learn",
      "stack-index": "5",
      "stack-length": "5",
      "title": "Facebook communication basics",
      "unit": "3-facebook-chat",
      "images": [],
      "type": "card",
      "subtype": "learn",
      "category": [],
      "contents": "</p>\n<h1 id=\"protect-the-content-of-your-conversations\">Protect the content of your conversations</h1>\n<p>OTR clients like Jitsi not only makes the content of your communications inaccessible to various third parties, such as governments and corporations, it also makes it inaccessible to Facebook.</p>"
    }
  ,
    {
      "stack": "4-2-howto",
      "stack-index": "1",
      "stack-length": "10",
      "title": "Installing Jitsi in 7 steps",
      "unit": "3-facebook-chat",
      "images": [],
      "type": "howto",
      "subtype": "howto",
      "category": [],
      "contents": "<h1 id=\"step-1-download-jitsi\">Step 1: Download Jitsi</h1>\n<p>Download Jitsi through its <a href=\"https://jitsi.org/Main/Download\">website</a>."
    }
  ,
    {
      "stack": "4-2-howto",
      "stack-index": "2",
      "stack-length": "10",
      "title": "Installing Jitsi in 7 steps",
      "unit": "3-facebook-chat",
      "images": [],
      "type": "howto",
      "subtype": "howto",
      "category": [],
      "contents": "</p>\n<h1 id=\"step-2-open-jitsi\">Step 2: Open Jitsi</h1>\n<p> Double click on the downloaded Jitsi file; the Open File - Security Warning dialogue box might appear. If it does, click on <em>&quot;Run&quot;</em> to activate the Windows Installer screen, followed by the <em>&quot;Welcome to the Jitsi Setup Wizard&quot;</em> window."
    }
  ,
    {
      "stack": "4-2-howto",
      "stack-index": "3",
      "stack-length": "10",
      "title": "Installing Jitsi in 7 steps",
      "unit": "3-facebook-chat",
      "images": [],
      "type": "howto",
      "subtype": "howto",
      "category": [],
      "contents": "</p>\n<h1 id=\"step-3-agree-to-end-user-license-agreement\">Step 3: Agree to End User License Agreement</h1>\n<p>Click on <strong>&quot;Next&quot;</strong> to activate the &quot;End User License Agreement&quot; window; <strong>check</strong> the &quot;I accept the terms in the License Agreement&quot; option to enable the <em>Next</em> button, and then click on <strong>&quot;Next&quot;</strong> to activate the &quot;Destination Folder&quot; window."
    }
  ,
    {
      "stack": "4-2-howto",
      "stack-index": "4",
      "stack-length": "10",
      "title": "Installing Jitsi in 7 steps",
      "unit": "3-facebook-chat",
      "images": [],
      "type": "howto",
      "subtype": "howto",
      "category": [],
      "contents": "</p>\n<h1 id=\"step-4-activate-additional-tasks-\">Step 4: Activate &quot;Additional Tasks&quot;</h1>\n<p>Click on <strong>&quot;Next&quot;</strong> to activate the &quot;Additional Tasks&quot; window and accept the default settings as presented."
    }
  ,
    {
      "stack": "4-2-howto",
      "stack-index": "5",
      "stack-length": "10",
      "title": "Installing Jitsi in 7 steps",
      "unit": "3-facebook-chat",
      "images": [],
      "type": "howto",
      "subtype": "howto",
      "category": [],
      "contents": "<strong>Note:</strong> Enabling the Auto-start when computer restarts or reboots option may slow down the overall function of your computer, especially if you already have multiple applications configured to run when your computer starts up."
    }
  ,
    {
      "stack": "4-2-howto",
      "stack-index": "6",
      "stack-length": "10",
      "title": "Installing Jitsi in 7 steps",
      "unit": "3-facebook-chat",
      "images": [],
      "type": "howto",
      "subtype": "howto",
      "category": [],
      "contents": "</p>\n<h1 id=\"step-5-install-jitsi\">Step 5: Install Jitsi</h1>\n<p>Click on <strong>&quot;Next&quot;</strong> to activate the &quot;Ready to Install Jitsi&quot; window, and then click on <strong>&quot;Install&quot;</strong> to activate the &quot;Installing Jitsi&quot; window displaying the installation progress bar."
    }
  ,
    {
      "stack": "4-2-howto",
      "stack-index": "7",
      "stack-length": "10",
      "title": "Installing Jitsi in 7 steps",
      "unit": "3-facebook-chat",
      "images": [],
      "type": "howto",
      "subtype": "howto",
      "category": [],
      "contents": "</p>\n<h1 id=\"step-6-finish-installation\">Step 6: Finish installation</h1>\n<p>Click on <strong>&quot;Finish&quot;</strong> to complete the installation process and automatically launch the &quot;Jitsi Sign in&quot; window as follows:</p>\n<p><img src=\"jitsi-en-win-07.png\" alt=\"\">"
    }
  ,
    {
      "stack": "4-2-howto",
      "stack-index": "8",
      "stack-length": "10",
      "title": "Installing Jitsi in 7 steps",
      "unit": "3-facebook-chat",
      "images": [],
      "type": "howto",
      "subtype": "howto",
      "category": [],
      "contents": "<strong>Note:</strong> In some instances, installing and launching Jitsi for the first time triggers a Windows Security Alert prompt screen. This alert is normal behaviour for the MS Windows operating system, it is ok to continue with using Jitsi."
    }
  ,
    {
      "stack": "4-2-howto",
      "stack-index": "9",
      "stack-length": "10",
      "title": "Installing Jitsi in 7 steps",
      "unit": "3-facebook-chat",
      "images": [],
      "type": "howto",
      "subtype": "howto",
      "category": [],
      "contents": "Even if you do not click on any of the buttons, and simply close the prompt window, Jitsi is still able to communicate through Facebook Chat.</p>\n<p><img src=\"jitsi-en-win-08.png\" alt=\"\">"
    }
  ,
    {
      "stack": "4-2-howto",
      "stack-index": "10",
      "stack-length": "10",
      "title": "Installing Jitsi in 7 steps",
      "unit": "3-facebook-chat",
      "images": [],
      "type": "howto",
      "subtype": "howto",
      "category": [],
      "contents": "</p>\n<h1 id=\"step-7-authorise-jitsi\">Step 7: Authorise Jitsi</h1>\n<p>Select both Private and Public networks check-boxes, and then click Allow access to see the Jitsi Sign in window or main user interface window.</p>"
    }
  ,
    {
      "stack": "4-3-howto",
      "stack-index": "1",
      "stack-length": "17",
      "title": "Adding a Facebook account on Jitsi",
      "unit": "3-facebook-chat",
      "images": [],
      "type": "howto",
      "subtype": "howto",
      "category": [],
      "contents": "<h1 id=\"two-settings-to-change\">Two settings to change</h1>\n<p>Facebook has two settings that you might need to change before Jitsi can connect to your Facebook Chat."
    }
  ,
    {
      "stack": "4-3-howto",
      "stack-index": "2",
      "stack-length": "17",
      "title": "Adding a Facebook account on Jitsi",
      "unit": "3-facebook-chat",
      "images": [],
      "type": "howto",
      "subtype": "howto",
      "category": [],
      "contents": "</p>\n<h1 id=\"facebook-username\">Facebook Username</h1>\n<p>Facebook requires a username for Jitsi to connect to Facebook chat. Many Facebook users already have a username."
    }
  ,
    {
      "stack": "4-3-howto",
      "stack-index": "3",
      "stack-length": "17",
      "title": "Adding a Facebook account on Jitsi",
      "unit": "3-facebook-chat",
      "images": [],
      "type": "howto",
      "subtype": "howto",
      "category": [],
      "contents": "</p>\n<h1 id=\"check-your-username\">Check your username</h1>\n<p>To check your username, log in to your Facebook account: your username is what appears in the location bar of your browser after <a href=\"https://www.facebook.com/\">https://www.facebook.com/</a> when you view your Timeline or Page."
    }
  ,
    {
      "stack": "4-3-howto",
      "stack-index": "4",
      "stack-length": "17",
      "title": "Adding a Facebook account on Jitsi",
      "unit": "3-facebook-chat",
      "images": [],
      "type": "howto",
      "subtype": "howto",
      "category": [],
      "contents": "</p>\n<h1 id=\"other-places-you-can-find-your-username\">Other places you can find your username</h1>\n<p>Your username is also included in your Facebook email address (e.g. username@facebook.com)."
    }
  ,
    {
      "stack": "4-3-howto",
      "stack-index": "5",
      "stack-length": "17",
      "title": "Adding a Facebook account on Jitsi",
      "unit": "3-facebook-chat",
      "images": [],
      "type": "howto",
      "subtype": "howto",
      "category": [],
      "contents": "</p>\n<h1 id=\"other-places-you-can-find-your-username\">Other places you can find your username</h1>\n<p>You can get a new Facebook username by going to your Account Settings &gt; General section or by visiting <a href=\"https://www.facebook.com/username\">https://www.facebook.com/username</a>."
    }
  ,
    {
      "stack": "4-3-howto",
      "stack-index": "6",
      "stack-length": "17",
      "title": "Adding a Facebook account on Jitsi",
      "unit": "3-facebook-chat",
      "images": [],
      "type": "howto",
      "subtype": "howto",
      "category": [],
      "contents": "</p>\n<h1 id=\"verify-your-facebook-account\">Verify your Facebook account</h1>\n<p>To set a new username Facebook might want to verify your account, which might require sending an SMS to a mobile phone number which you will need to provide to Facebook in the verification process."
    }
  ,
    {
      "stack": "4-3-howto",
      "stack-index": "7",
      "stack-length": "17",
      "title": "Adding a Facebook account on Jitsi",
      "unit": "3-facebook-chat",
      "images": [],
      "type": "howto",
      "subtype": "howto",
      "category": [],
      "contents": "</p>\n<h1 id=\"more-questions-\">More questions?</h1>\n<p>For more details see Facebook’s explanation of usernames."
    }
  ,
    {
      "stack": "4-3-howto",
      "stack-index": "8",
      "stack-length": "17",
      "title": "Adding a Facebook account on Jitsi",
      "unit": "3-facebook-chat",
      "images": [],
      "type": "howto",
      "subtype": "howto",
      "category": [],
      "contents": "</p>\n<h1 id=\"app-settings\">App Settings</h1>\n<p>Facebook’s “application platform” needs to be turned on before Jitsi can connect to Facebook Chat."
    }
  ,
    {
      "stack": "4-3-howto",
      "stack-index": "9",
      "stack-length": "17",
      "title": "Adding a Facebook account on Jitsi",
      "unit": "3-facebook-chat",
      "images": [],
      "type": "howto",
      "subtype": "howto",
      "category": [],
      "contents": "</p>\n<h1 id=\"turn-apps-you-use-on\">Turn &quot;Apps you use&quot; on</h1>\n<p>Visit your Facebook Account Settings &gt; Apps section and check that the setting for “Apps you use” is turned “On”."
    }
  ,
    {
      "stack": "4-3-howto",
      "stack-index": "10",
      "stack-length": "17",
      "title": "Adding a Facebook account on Jitsi",
      "unit": "3-facebook-chat",
      "images": [],
      "type": "howto",
      "subtype": "howto",
      "category": [],
      "contents": "<strong>Note:</strong> Turning Facebook’s &quot;application platform&quot; on opens up much of your Facebook data to third-party application developers."
    }
  ,
    {
      "stack": "4-3-howto",
      "stack-index": "11",
      "stack-length": "17",
      "title": "Adding a Facebook account on Jitsi",
      "unit": "3-facebook-chat",
      "images": [],
      "type": "howto",
      "subtype": "howto",
      "category": [],
      "contents": "This data is available not only to the Facebook applications that you use, but also to the Facebook applications used by any of your friends."
    }
  ,
    {
      "stack": "4-3-howto",
      "stack-index": "12",
      "stack-length": "17",
      "title": "Adding a Facebook account on Jitsi",
      "unit": "3-facebook-chat",
      "images": [],
      "type": "howto",
      "subtype": "howto",
      "category": [],
      "contents": "</p>\n<h1 id=\"hide-personal-information\">Hide personal information</h1>\n<p>After turning on Facebook’s &quot;application platform&quot;, be sure to check the settings under &quot;Apps others use&quot;. This allows you to hide some personal information from applications used by your friends."
    }
  ,
    {
      "stack": "4-3-howto",
      "stack-index": "13",
      "stack-length": "17",
      "title": "Adding a Facebook account on Jitsi",
      "unit": "3-facebook-chat",
      "images": [],
      "type": "howto",
      "subtype": "howto",
      "category": [],
      "contents": "</p>\n<h1 id=\"no-setting-for-total-privacy\">No setting for total privacy</h1>\n<p>Unfortunately, Facebook does not offer settings to hide all personal information."
    }
  ,
    {
      "stack": "4-3-howto",
      "stack-index": "14",
      "stack-length": "17",
      "title": "Adding a Facebook account on Jitsi",
      "unit": "3-facebook-chat",
      "images": [],
      "type": "howto",
      "subtype": "howto",
      "category": [],
      "contents": "</p>\n<h1 id=\"determine-privacy-trade-off\">Determine privacy trade-off</h1>\n<p>Certain categories of information (like your friend list, gender, or info you have made public) are visible as long as Facebook’s &quot;application platform&quot; is turned &quot;on&quot;. It is up to you to determine whether this is an acceptable trade-off."
    }
  ,
    {
      "stack": "4-3-howto",
      "stack-index": "15",
      "stack-length": "17",
      "title": "Adding a Facebook account on Jitsi",
      "unit": "3-facebook-chat",
      "images": [],
      "type": "howto",
      "subtype": "howto",
      "category": [],
      "contents": "</p>\n<h1 id=\"add-your-facebook-account\">Add your Facebook account</h1>\n<p>Now you are prepared to add your Facebook account on Jitsi. To do this follow the steps below:"
    }
  ,
    {
      "stack": "4-3-howto",
      "stack-index": "16",
      "stack-length": "17",
      "title": "Adding a Facebook account on Jitsi",
      "unit": "3-facebook-chat",
      "images": [],
      "type": "howto",
      "subtype": "howto",
      "category": [],
      "contents": "</p>\n<h1 id=\"step-1-add-new-jitsi-account\">Step 1: Add new Jitsi account</h1>\n<p>Select <strong>File &gt; Add New Account...</strong> in the main menu bar of Jitsi."
    }
  ,
    {
      "stack": "4-3-howto",
      "stack-index": "17",
      "stack-length": "17",
      "title": "Adding a Facebook account on Jitsi",
      "unit": "3-facebook-chat",
      "images": [],
      "type": "howto",
      "subtype": "howto",
      "category": [],
      "contents": "</p>\n<h1 id=\"step-2-add-new-facebook-account\">Step 2: Add new Facebook account</h1>\n<p>In the &quot;Add New Account&quot; dialogue, <em>Network</em> menu choose Facebook, enter your username and password and Click <strong>&quot;Add&quot;</strong>.</p>\n<p><img src=\"jitsi-en-win-16.png\" alt=\"\"></p>"
    }
  ,
    {
      "stack": "4-4-howto",
      "stack-index": "1",
      "stack-length": "16",
      "title": "Encrypting your Facebook instant messages",
      "unit": "3-facebook-chat",
      "images": [],
      "type": "howto",
      "subtype": "howto",
      "category": [],
      "contents": "<h1 id=\"step-1-open-security-settings\">Step 1: Open security settings</h1>\n<p>Select <strong>Tools &gt; Options</strong> from the Jitsi menu and subsequently select the <strong>Security</strong> tab and its <strong>Chat</strong> sub-tab. You will then see a window similar to one shown in the image below:</p>\n<p><img src=\"jitsi-en-win-35.png\" alt=\"\">"
    }
  ,
    {
      "stack": "4-4-howto",
      "stack-index": "2",
      "stack-length": "16",
      "title": "Encrypting your Facebook instant messages",
      "unit": "3-facebook-chat",
      "images": [],
      "type": "howto",
      "subtype": "howto",
      "category": [],
      "contents": "</p>\n<h1 id=\"step-2-generate-a-key\">Step 2: Generate a key</h1>\n<p>Click on the <strong>&quot;Generate&quot;</strong> button. As a result you will see the fingerprint of the key that has been generated:</p>\n<p><img src=\"jitsi-en-win-36.png\" alt=\"\">"
    }
  ,
    {
      "stack": "4-4-howto",
      "stack-index": "3",
      "stack-length": "16",
      "title": "Encrypting your Facebook instant messages",
      "unit": "3-facebook-chat",
      "images": [],
      "type": "howto",
      "subtype": "howto",
      "category": [],
      "contents": "</p>\n<h1 id=\"one-key-per-account\">One key per account</h1>\n<p>One key is generated for each account. You only need to do this again if you add a new account or install Jitsi on another device and do not move the existing keys to it."
    }
  ,
    {
      "stack": "4-4-howto",
      "stack-index": "4",
      "stack-length": "16",
      "title": "Encrypting your Facebook instant messages",
      "unit": "3-facebook-chat",
      "images": [],
      "type": "howto",
      "subtype": "howto",
      "category": [],
      "contents": "</p>\n<h1 id=\"you-are-now-ready-to-communicate\">You are now ready to communicate</h1>\n<p>"
    }
  ,
    {
      "stack": "4-4-howto",
      "stack-index": "5",
      "stack-length": "16",
      "title": "Encrypting your Facebook instant messages",
      "unit": "3-facebook-chat",
      "images": [],
      "type": "howto",
      "subtype": "howto",
      "category": [],
      "contents": "</p>\n<h1 id=\"step-3-open-a-new-chat\">Step 3: Open a new chat</h1>\n<p>Select a contact from the Jitsi main window and click on the <em>send message icon</em> (first from the left under the contact&#39;s name) to open a text chat window:</p>\n<p><img src=\"jitsi-en-win-37.png\" alt=\"\">"
    }
  ,
    {
      "stack": "4-4-howto",
      "stack-index": "6",
      "stack-length": "16",
      "title": "Encrypting your Facebook instant messages",
      "unit": "3-facebook-chat",
      "images": [],
      "type": "howto",
      "subtype": "howto",
      "category": [],
      "contents": "</p>\n<h1 id=\"know-when-your-chats-are-encrypted\">Know when your chats are encrypted</h1>\n<p>Note the Encrypt chat with OTR icon, the open padlock on the right-top side of the window. This inconspicuous symbol informs you whether the chat is encrypted or not. Now the lock is open (there is a tiny space between handle and the body of the lock!)."
    }
  ,
    {
      "stack": "4-4-howto",
      "stack-index": "7",
      "stack-length": "16",
      "title": "Encrypting your Facebook instant messages",
      "unit": "3-facebook-chat",
      "images": [],
      "type": "howto",
      "subtype": "howto",
      "category": [],
      "contents": "</p>\n<h1 id=\"step-4-encrypt-the-chat\">Step 4: Encrypt the chat</h1>\n<p>Click on the Encrypt chat with OTR icon. Note the changes in the window:\n<img src=\"jitsi-en-win-38.png\" alt=\"\">"
    }
  ,
    {
      "stack": "4-4-howto",
      "stack-index": "8",
      "stack-length": "16",
      "title": "Encrypting your Facebook instant messages",
      "unit": "3-facebook-chat",
      "images": [],
      "type": "howto",
      "subtype": "howto",
      "category": [],
      "contents": "</p>\n<h1 id=\"encryption-is-now-on\">Encryption is now on</h1>\n<p>Observe that the padlock is now locked. This means that whatever messages you and your contact send to each other are encrypted. Note the message that this is an unverified private conversation and that you should authenticate your contact."
    }
  ,
    {
      "stack": "4-4-howto",
      "stack-index": "9",
      "stack-length": "16",
      "title": "Encrypting your Facebook instant messages",
      "unit": "3-facebook-chat",
      "images": [],
      "type": "howto",
      "subtype": "howto",
      "category": [],
      "contents": "</p>\n<h1 id=\"step-5-authenticate-contact\">Step 5: Authenticate contact</h1>\n<p>Click on the link authenticate sally.the.doer@jit.si to open the Authenticate Buddy window:</p>\n<p><img src=\"jitsi-en-win-39.png\" alt=\"\">"
    }
  ,
    {
      "stack": "4-4-howto",
      "stack-index": "10",
      "stack-length": "16",
      "title": "Encrypting your Facebook instant messages",
      "unit": "3-facebook-chat",
      "images": [],
      "type": "howto",
      "subtype": "howto",
      "category": [],
      "contents": "</p>\n<h1 id=\"compare-your-fingerprints\">Compare your fingerprints</h1>\n<p>Note the message that encourages you to compare the fingerprints of vyour keys with your contact over another channel (not this text chat). In doing this, you can be more certain that you are communicating with your contact and not somebody else."
    }
  ,
    {
      "stack": "4-4-howto",
      "stack-index": "11",
      "stack-length": "16",
      "title": "Encrypting your Facebook instant messages",
      "unit": "3-facebook-chat",
      "images": [],
      "type": "howto",
      "subtype": "howto",
      "category": [],
      "contents": "</p>\n<h1 id=\"do-so-face-to-face\">Do so face to face</h1>\n<p>A good choice for key comparisons is to do it face to face, or via video or voice communication as these provide easier means to authenticate the identity of the other person."
    }
  ,
    {
      "stack": "4-4-howto",
      "stack-index": "12",
      "stack-length": "16",
      "title": "Encrypting your Facebook instant messages",
      "unit": "3-facebook-chat",
      "images": [],
      "type": "howto",
      "subtype": "howto",
      "category": [],
      "contents": "</p>\n<h1 id=\"verify-the-fingerprint\">Verify the fingerprint</h1>\n<p>After you compare fingerprints, select the option I have verified the fingerprint from the pull-down menu and click on Authenticate Buddy:\n<img src=\"jitsi-en-win-40.png\" alt=\"\">"
    }
  ,
    {
      "stack": "4-4-howto",
      "stack-index": "13",
      "stack-length": "16",
      "title": "Encrypting your Facebook instant messages",
      "unit": "3-facebook-chat",
      "images": [],
      "type": "howto",
      "subtype": "howto",
      "category": [],
      "contents": "</p>\n<h1 id=\"return-to-chat\">Return to chat</h1>\n<p>Closing the Authenticate Buddy window returns you to the chat window:</p>\n<p><img src=\"jitsi-en-win-41.png\" alt=\"\">"
    }
  ,
    {
      "stack": "4-4-howto",
      "stack-index": "14",
      "stack-length": "16",
      "title": "Encrypting your Facebook instant messages",
      "unit": "3-facebook-chat",
      "images": [],
      "type": "howto",
      "subtype": "howto",
      "category": [],
      "contents": "</p>\n<h1 id=\"authentication-verified\">Authentication verified</h1>\n<p>Note that padlock no longer includes the orange triangle with the white exclamation mark. This means that you have authenticated your contact."
    }
  ,
    {
      "stack": "4-4-howto",
      "stack-index": "15",
      "stack-length": "16",
      "title": "Encrypting your Facebook instant messages",
      "unit": "3-facebook-chat",
      "images": [],
      "type": "howto",
      "subtype": "howto",
      "category": [],
      "contents": "</p>\n<h1 id=\"only-verify-once-per-contact\">Only verify once per contact</h1>\n<p>The authentication should be done only once per contact. If the triangle with exclamation mark returns, it means that you are chatting to somebody who you have not yet authenticated."
    }
  ,
    {
      "stack": "4-4-howto",
      "stack-index": "16",
      "stack-length": "16",
      "title": "Encrypting your Facebook instant messages",
      "unit": "3-facebook-chat",
      "images": [],
      "type": "howto",
      "subtype": "howto",
      "category": [],
      "contents": "</p>\n<h1 id=\"re-authenticate-contacts\">Re-authenticate contacts</h1>\n<p>This can happen when your contact moves to another device with another encryption key (another installation of Jitsi, or another OTR enabled program, etc.). In this case you will need to re-authenticate each other again to be sure of the identity of person with whom you communicate.</p>"
    }
  ,
    {
      "stack": "4-5-howto",
      "stack-index": "1",
      "stack-length": "13",
      "title": "Encrypting Facebook voice calls",
      "unit": "3-facebook-chat",
      "images": [],
      "type": "howto",
      "subtype": "howto",
      "category": [],
      "contents": "<h1 id=\"using-jitsi\">Using Jitsi</h1>\n<p>Jitsi offers voice and video chats which can be independently encrypted with open standard called ZRTP."
    }
  ,
    {
      "stack": "4-5-howto",
      "stack-index": "2",
      "stack-length": "13",
      "title": "Encrypting Facebook voice calls",
      "unit": "3-facebook-chat",
      "images": [],
      "type": "howto",
      "subtype": "howto",
      "category": [],
      "contents": "</p>\n<h1 id=\"step-1-select-your-contact\">Step 1: Select your contact</h1>\n<p>Click on the contact in Jitsi contact list and click on the voice (second icon from the left under the contact&#39;s name) or video (third) icon - see figure 5 above. A new window will appear indicating that Jitsi is establishing the connection:</p>\n<p><img src=\"jitsi-en-win-42.png\" alt=\"\">"
    }
  ,
    {
      "stack": "4-5-howto",
      "stack-index": "3",
      "stack-length": "13",
      "title": "Encrypting Facebook voice calls",
      "unit": "3-facebook-chat",
      "images": [],
      "type": "howto",
      "subtype": "howto",
      "category": [],
      "contents": "</p>\n<h1 id=\"receive-a-call-notification\">Receive a call notification</h1>\n<p>Your contact will see incoming call notification:</p>\n<p><img src=\"jitsi-en-win-43.png\" alt=\"\">"
    }
  ,
    {
      "stack": "4-5-howto",
      "stack-index": "4",
      "stack-length": "13",
      "title": "Encrypting Facebook voice calls",
      "unit": "3-facebook-chat",
      "images": [],
      "type": "howto",
      "subtype": "howto",
      "category": [],
      "contents": "</p>\n<h1 id=\"step-2-accept-the-call\">Step 2: Accept the call</h1>\n<p>If your contact accepts the call you will receive information that you are connected:</p>\n<p><img src=\"jitsi-en-win-44.png\" alt=\"\">"
    }
  ,
    {
      "stack": "4-5-howto",
      "stack-index": "5",
      "stack-length": "13",
      "title": "Encrypting Facebook voice calls",
      "unit": "3-facebook-chat",
      "images": [],
      "type": "howto",
      "subtype": "howto",
      "category": [],
      "contents": "<strong>Note the red open padlock.</strong> This means that your call is not yet encrypted with ZRTP."
    }
  ,
    {
      "stack": "4-5-howto",
      "stack-index": "6",
      "stack-length": "13",
      "title": "Encrypting Facebook voice calls",
      "unit": "3-facebook-chat",
      "images": [],
      "type": "howto",
      "subtype": "howto",
      "category": [],
      "contents": "</p>\n<h1 id=\"step-3-wait\">Step 3: wait</h1>\n<p>Wait... Your and your contact&#39;s programs are establishing an encrypted connection, which may take a moment."
    }
  ,
    {
      "stack": "4-5-howto",
      "stack-index": "7",
      "stack-length": "13",
      "title": "Encrypting Facebook voice calls",
      "unit": "3-facebook-chat",
      "images": [],
      "type": "howto",
      "subtype": "howto",
      "category": [],
      "contents": "</p>\n<h1 id=\"determine-if-encrypted-or-not\">Determine if encrypted or not</h1>\n<p>If they succeed you will see the letters zrtp appear against an orange backgrond with a closed padlock like below. If they don&#39;t succeed in establishing a connection, you still can chat but without encryption"
    }
  ,
    {
      "stack": "4-5-howto",
      "stack-index": "8",
      "stack-length": "13",
      "title": "Encrypting Facebook voice calls",
      "unit": "3-facebook-chat",
      "images": [],
      "type": "howto",
      "subtype": "howto",
      "category": [],
      "contents": "</p>\n<h1 id=\"call-again-if-problem-encrypting\">Call again if problem encrypting</h1>\n<p>You can disconnect, restart Jitsi and try again to see if this time the programs will connect with encryption. ZRTP may not work in calls between accounts from different providers (such as between Google and Jit.si).</p>\n<p><img src=\"jitsi-en-win-45.png\" alt=\"\">"
    }
  ,
    {
      "stack": "4-5-howto",
      "stack-index": "9",
      "stack-length": "13",
      "title": "Encrypting Facebook voice calls",
      "unit": "3-facebook-chat",
      "images": [],
      "type": "howto",
      "subtype": "howto",
      "category": [],
      "contents": "</p>\n<h1 id=\"step-4-confirm-encryption\">Step 4:: Confirm encryption</h1>\n<p>Observe the section under the letters zrtp and padlock with the message &quot;Compare with partner&quot; followed by 4 characters."
    }
  ,
    {
      "stack": "4-5-howto",
      "stack-index": "10",
      "stack-length": "13",
      "title": "Encrypting Facebook voice calls",
      "unit": "3-facebook-chat",
      "images": [],
      "type": "howto",
      "subtype": "howto",
      "category": [],
      "contents": "</p>\n<h1 id=\"verify-four-characters\">Verify four characters</h1>\n<p>Read these letters to your contact and ask if she sees the same characters. If she does, it means that your communication is encrypted and nobody is interfering with it."
    }
  ,
    {
      "stack": "4-5-howto",
      "stack-index": "11",
      "stack-length": "13",
      "title": "Encrypting Facebook voice calls",
      "unit": "3-facebook-chat",
      "images": [],
      "type": "howto",
      "subtype": "howto",
      "category": [],
      "contents": "</p>\n<h1 id=\"confirm-call-is-encrypted\">Confirm call is encrypted</h1>\n<p>You can click Confirm. The orange zrtp field will turn green:</p>\n<p><img src=\"jitsi-en-win-46.png\" alt=\"\">"
    }
  ,
    {
      "stack": "4-5-howto",
      "stack-index": "12",
      "stack-length": "13",
      "title": "Encrypting Facebook voice calls",
      "unit": "3-facebook-chat",
      "images": [],
      "type": "howto",
      "subtype": "howto",
      "category": [],
      "contents": "</p>\n<h1 id=\"step-5-close-confirmation-box\">Step 5: Close confirmation box</h1>\n<p>You may close the black confirmation section of the window by clicking on the white x sign on upper-right part of the black section:</p>\n<p><img src=\"jitsi-en-win-47.png\" alt=\"\">"
    }
  ,
    {
      "stack": "4-5-howto",
      "stack-index": "13",
      "stack-length": "13",
      "title": "Encrypting Facebook voice calls",
      "unit": "3-facebook-chat",
      "images": [],
      "type": "howto",
      "subtype": "howto",
      "category": [],
      "contents": "</p>\n<h1 id=\"encrypted-group-calls\">Encrypted group calls</h1>\n<p>Jitsi lets you voice and video chat with more than one person. Note that with this communication, ZRTP encryption can be engaged between initiator of the call and other parties, but not between parties themselves.</p>"
    }
  ,
    {
      "stack": "6-next",
      "stack-index": "1",
      "stack-length": "1",
      "title": "Next",
      "unit": "3-facebook-chat",
      "images": [],
      "type": "card",
      "subtype": "next",
      "category": [],
      "contents": "<p> See also:</p>\n<ul>\n<li>Tactical Technology Collective: <a href=\"https://securityinabox.org\">Security in a Box</a></li>\n</ul>"
    }
  ]
}
  