{
  "slug": "tool-31-keepassx_0-get-started",
  "type": "unit",
  "title": "Using KeePassX",
  "parentTitle": "Manage your Passwords with KeepassX",
  "locale": "en",
  "categories": [],
  "updatedAt": "2017-10-07T16:39:36.950Z",
  "cards": [
    {
      "stack": "1-1-intro",
      "stack-index": "1",
      "stack-length": "1",
      "title": "Get started with KeePassX",
      "unit": "0-get-started",
      "images": [],
      "type": "card",
      "subtype": "intro",
      "category": [],
      "contents": "<ul>\n<li><strong>Learn how to use KeePassX for securely managing passwords for multiple accounts</strong></li>\n</ul>"
    }
  ,
    {
      "stack": "1-2-takeaways",
      "stack-index": "1",
      "stack-length": "1",
      "title": "Learn about how",
      "unit": "0-get-started",
      "images": [],
      "type": "card",
      "subtype": "takeaways",
      "category": [],
      "contents": "<ul>\n<li><strong>KeePassX can manage passphrases for multiple accounts</strong></li>\n</ul>"
    }
  ,
    {
      "stack": "3-1-learn",
      "stack-index": "1",
      "stack-length": "4",
      "title": "Use KeepassX",
      "unit": "0-get-started",
      "images": [],
      "type": "card",
      "subtype": "learn",
      "category": [],
      "contents": "<h1 id=\"what-is-keepassx\">What is KeepassX</h1>\n<p>Password managers are considered to be the most secure way to use complex and varying passwords and still remember them. KeePassX is an open-source password manager, and once you&#39;ve set your master password, it creates and saves passwords for you."
    }
  ,
    {
      "stack": "3-1-learn",
      "stack-index": "2",
      "stack-length": "4",
      "title": "Use KeepassX",
      "unit": "0-get-started",
      "images": [],
      "type": "card",
      "subtype": "learn",
      "category": [],
      "contents": "</p>\n<h1 id=\"synchronising-password-databases\">Synchronising password databases</h1>\n<p>To enhance convenience, you can synchronise your password database - for example, by using a cloud service, so that you can access your passwords on various computers as well as your phone. That way, you&#39;ll have round the clock access to strong passwords."
    }
  ,
    {
      "stack": "3-1-learn",
      "stack-index": "3",
      "stack-length": "4",
      "title": "Use KeepassX",
      "unit": "0-get-started",
      "images": [],
      "type": "card",
      "subtype": "learn",
      "category": [],
      "contents": "</p>\n<h1 id=\"setting-up-keepassx\">Setting up KeePassX</h1>\n<p>Refer to the <a href=\"https://securityinabox.org/en/guide/keepassx/os-x\">guide</a> by Tactical Technology Collective which will assist you in downloading, installing, and using KeePassX."
    }
  ,
    {
      "stack": "3-1-learn",
      "stack-index": "4",
      "stack-length": "4",
      "title": "Use KeepassX",
      "unit": "0-get-started",
      "images": [],
      "type": "card",
      "subtype": "learn",
      "category": [],
      "contents": "This is the end of the lesson. Please click the Home button on your left to go back to the menu.</p>"
    }
  ]
}
  