{
  "slug": "practice-4-safe-social-networks_2-privacy-settings-and-tools",
  "type": "unit",
  "title": "Control access to your personal details",
  "parentTitle": "Safe Social Networks",
  "locale": "en",
  "categories": [],
  "updatedAt": "2017-10-06T13:38:00.689Z",
  "cards": [
    {
      "stack": "1-1-intro",
      "stack-index": "1",
      "stack-length": "1",
      "title": "Get started with Facebook privacy tools",
      "unit": "2-privacy-settings-and-tools",
      "images": [],
      "type": "card",
      "subtype": "intro",
      "category": [],
      "contents": "<p>Learn to control access to your personal details on Facebook.</p>"
    }
  ,
    {
      "stack": "1-2-takeaways",
      "stack-index": "1",
      "stack-length": "1",
      "title": "Learn how to",
      "unit": "2-privacy-settings-and-tools",
      "images": [],
      "type": "card",
      "subtype": "takeaways",
      "category": [],
      "contents": "<ul>\n<li><a href=\"topics/practice-4-safe-social-networks/2-access-personal-details/3-learn.md\">Control access to personal information on your Facebook profile</a></li>\n</ul>"
    }
  ,
    {
      "stack": "3-learn",
      "stack-index": "1",
      "stack-length": "13",
      "title": "Control access to personal information",
      "unit": "2-privacy-settings-and-tools",
      "images": [],
      "type": "card",
      "subtype": "learn",
      "category": [],
      "contents": "<h1 id=\"step-1-open-facebook-privacy-settings\">Step 1. Open Facebook privacy settings</h1>\n<p> To edit your Facebook Privacy Settings, click on the small arrow beside Home in the top right-hand corner and select Settings.</p>\n<p><img src=\"facebook-all-05.png\" alt=\"facebook-all-05.png\">"
    }
  ,
    {
      "stack": "3-learn",
      "stack-index": "2",
      "stack-length": "13",
      "title": "Control access to personal information",
      "unit": "2-privacy-settings-and-tools",
      "images": [],
      "type": "card",
      "subtype": "learn",
      "category": [],
      "contents": "</p>\n<h1 id=\"step-2-choose-privacy-\">Step 2. Choose &quot;Privacy&quot;</h1>\n<p> This will take you to the Settings menu. On the left-hand side, choose Privacy.\n<img src=\"facebook-all-18.png\" alt=\"facebook-all-18.png\">"
    }
  ,
    {
      "stack": "3-learn",
      "stack-index": "3",
      "stack-length": "13",
      "title": "Control access to personal information",
      "unit": "2-privacy-settings-and-tools",
      "images": [],
      "type": "card",
      "subtype": "learn",
      "category": [],
      "contents": "</p>\n<h1 id=\"step-3-choose-who-can-see-your-stuff\">Step 3. Choose who can see your stuff</h1>\n<p>The first option here creates a default rule for your future status updates: Who can see your future posts?. Here, you can choose between making them available to the entire public, your Facebook friends, yourself only, or a custom group which you can determine."
    }
  ,
    {
      "stack": "3-learn",
      "stack-index": "4",
      "stack-length": "13",
      "title": "Control access to personal information",
      "unit": "2-privacy-settings-and-tools",
      "images": [],
      "type": "card",
      "subtype": "learn",
      "category": [],
      "contents": "</p>\n<h1 id=\"you-can-also-change-this-for-individual-posts\">You can also change this for individual posts</h1>\n<p>Note that you can also change this for individual status updates, so that you can decide which ones are public, which ones are for friends or which ones are for a specific group."
    }
  ,
    {
      "stack": "3-learn",
      "stack-index": "5",
      "stack-length": "13",
      "title": "Control access to personal information",
      "unit": "2-privacy-settings-and-tools",
      "images": [],
      "type": "card",
      "subtype": "learn",
      "category": [],
      "contents": "</p>\n<h1 id=\"everything-you-post-is-recorded-and-owned-by-facebook\">Everything you post is recorded and owned by Facebook</h1>\n<p>It&#39;s also worth noting, though, that everything you post is recorded by Facebook (including when you select Only Me) and can be handed over by them to third parties."
    }
  ,
    {
      "stack": "3-learn",
      "stack-index": "6",
      "stack-length": "13",
      "title": "Control access to personal information",
      "unit": "2-privacy-settings-and-tools",
      "images": [],
      "type": "card",
      "subtype": "learn",
      "category": [],
      "contents": "</p>\n<h1 id=\"step-4-review-posts-you-are-tagged-in\">Step 4. Review posts you are tagged in</h1>\n<p>The second option allows you to review the posts which other Facebook users have tagged you in. To see this, click on Use Activity Log.\n<img src=\"facebook-all-19.png\" alt=\"facebook-all-19.png\">"
    }
  ,
    {
      "stack": "3-learn",
      "stack-index": "7",
      "stack-length": "13",
      "title": "Control access to personal information",
      "unit": "2-privacy-settings-and-tools",
      "images": [],
      "type": "card",
      "subtype": "learn",
      "category": [],
      "contents": "</p>\n<h1 id=\"step-5-restrict-previous-public-posts\">Step 5. Restrict previous public posts</h1>\n<p>The third option allows you to restrict access to previous status updates of yours which may have been public. Note, however, the limitation that individuals you tagged and their friends will still be able to see this content.\n<img src=\"facebook-all-20.png\" alt=\"facebook-all-20.png\">"
    }
  ,
    {
      "stack": "3-learn",
      "stack-index": "8",
      "stack-length": "13",
      "title": "Control access to personal information",
      "unit": "2-privacy-settings-and-tools",
      "images": [],
      "type": "card",
      "subtype": "learn",
      "category": [],
      "contents": "</p>\n<h1 id=\"step-6-control-who-can-contact-you\">Step 6. Control who can contact you</h1>\n<p>In this section, you can decide who is able to send you a friend request. This is not particularly important in terms of information security, since in the end, it is still you who decides who to accept as a friend, and you should always exercise caution and avoid adding people who are unknown or untrusted.\n<br.\nIf you want to change this setting, click Edit."
    }
  ,
    {
      "stack": "3-learn",
      "stack-index": "9",
      "stack-length": "13",
      "title": "Control access to personal information",
      "unit": "2-privacy-settings-and-tools",
      "images": [],
      "type": "card",
      "subtype": "learn",
      "category": [],
      "contents": "</p>\n<h1 id=\"step-7-filter-messages\">Step 7. Filter messages</h1>\n<p>Whose messages do I want filtered into my inbox?: Facebook allows you to filter the messages you receive into two folders: Inbox and Other."
    }
  ,
    {
      "stack": "3-learn",
      "stack-index": "10",
      "stack-length": "13",
      "title": "Control access to personal information",
      "unit": "2-privacy-settings-and-tools",
      "images": [],
      "type": "card",
      "subtype": "learn",
      "category": [],
      "contents": "</p>\n<h1 id=\"select-filtering-method\">Select filtering method</h1>\n<p>Here you can choose between Basic Filtering, which is more permissive of messages from people who are not on your friend list, and Strict Filtering, which is less permissive.\n<img src=\"facebook-all-21.png\" alt=\"facebook-all-21.png\">"
    }
  ,
    {
      "stack": "3-learn",
      "stack-index": "11",
      "stack-length": "13",
      "title": "Control access to personal information",
      "unit": "2-privacy-settings-and-tools",
      "images": [],
      "type": "card",
      "subtype": "learn",
      "category": [],
      "contents": "</p>\n<h1 id=\"step-8-control-who-can-look-you-up\">Step 8. Control who can look you up</h1>\n<p>Here, you can limit the ease with which people can look you up by knowing your phone number or e-mail address (although this is still technically possible), as well as limiting people&#39;s ability to find your Facebook page via search engines."
    }
  ,
    {
      "stack": "3-learn",
      "stack-index": "12",
      "stack-length": "13",
      "title": "Control access to personal information",
      "unit": "2-privacy-settings-and-tools",
      "images": [],
      "type": "card",
      "subtype": "learn",
      "category": [],
      "contents": "</p>\n<h1 id=\"step-8-control-who-can-look-you-up\">Step 8. Control who can look you up</h1>\n<p>The default settings make it as easy as possible for individuals to find you this way, including possible adversaries."
    }
  ,
    {
      "stack": "3-learn",
      "stack-index": "13",
      "stack-length": "13",
      "title": "Control access to personal information",
      "unit": "2-privacy-settings-and-tools",
      "images": [],
      "type": "card",
      "subtype": "learn",
      "category": [],
      "contents": "</p>\n<h1 id=\"step-8-control-who-can-look-you-up\">Step 8. Control who can look you up</h1>\n<p>Click Edit on the first two options and ensure that only Friends can search for you by your e-mail address and phone number. For the third option, click Edit and uncheck the box which says Let other search engines link to your timeline.\n<img src=\"facebook-all-25.png\" alt=\"facebook-all-25.png\"></p>"
    }
  ]
}
  