{
  "slug": "tool-51-enigmail_1-new-key",
  "type": "unit",
  "title": "Generate a new key pair using Enigmail",
  "parentTitle": "Encrypt Emails with Enigmail",
  "locale": "en",
  "categories": [],
  "updatedAt": "2017-10-01T10:22:58.963Z",
  "cards": [
    {
      "stack": "1-1-intro",
      "stack-index": "1",
      "stack-length": "1",
      "title": "Make a new PGP key",
      "unit": "1-new-key",
      "images": [],
      "type": "card",
      "subtype": "intro",
      "category": [],
      "contents": "<p>Learn how to create a new PGP key using Enigmail.</p>"
    }
  ,
    {
      "stack": "1-2-takeaways",
      "stack-index": "1",
      "stack-length": "1",
      "title": "Learn how to",
      "unit": "1-new-key",
      "images": [],
      "type": "card",
      "subtype": "takeaways",
      "category": [],
      "contents": "<ul>\n<li><a href=\"topics/tool-3-enigmail/1-new-key/3-1-learn.md\">Generate a new key pair and revocation certificate</a></li>\n</ul>"
    }
  ,
    {
      "stack": "3-1-learn",
      "stack-index": "1",
      "stack-length": "17",
      "title": "Generate a key pair",
      "unit": "1-new-key",
      "images": [],
      "type": "card",
      "subtype": "learn",
      "category": [],
      "contents": "<h1 id=\"step-1-open-the-setup-wizard\">Step 1: Open the Setup Wizard</h1>\n<p>Select Enigmail &gt; Setup Wizard to open the Enigmail Setup Wizard screen as follows:</p>\n<p><img src=\"thunderbird_56.png\" alt=\"thunderbird_56\">"
    }
  ,
    {
      "stack": "3-1-learn",
      "stack-index": "2",
      "stack-length": "17",
      "title": "Generate a key pair",
      "unit": "1-new-key",
      "images": [],
      "type": "card",
      "subtype": "learn",
      "category": [],
      "contents": "</p>\n<h1 id=\"step-2-select-identities-for-keys\">Step 2. Select identities for keys</h1>\n<p>Click &quot;Next&quot; to activate the following screen. Note - this screen will only appear if you have set up key pairing for another account.\n<img src=\"thunderbird_59.png\" alt=\"thunderbird_59\">"
    }
  ,
    {
      "stack": "3-1-learn",
      "stack-index": "3",
      "stack-length": "17",
      "title": "Generate a key pair",
      "unit": "1-new-key",
      "images": [],
      "type": "card",
      "subtype": "learn",
      "category": [],
      "contents": "</p>\n<h1 id=\"step-3-turn-off-auto-encryption\">Step 3. Turn off auto encryption</h1>\n<p>Click &quot;Next&quot; to activate the following screen:\n<img src=\"thunderbird_60.png\" alt=\"thunderbird_60\">"
    }
  ,
    {
      "stack": "3-1-learn",
      "stack-index": "4",
      "stack-length": "17",
      "title": "Generate a key pair",
      "unit": "1-new-key",
      "images": [],
      "type": "card",
      "subtype": "learn",
      "category": [],
      "contents": "</p>\n<h1 id=\"step-4-turn-off-signing-messages-by-default\">Step 4. Turn off signing messages by default</h1>\n<p>Click &quot;Next&quot; to activate the following screen:\n<img src=\"thunderbird_61.png\" alt=\"thunderbird_61\">"
    }
  ,
    {
      "stack": "3-1-learn",
      "stack-index": "5",
      "stack-length": "17",
      "title": "Generate a key pair",
      "unit": "1-new-key",
      "images": [],
      "type": "card",
      "subtype": "learn",
      "category": [],
      "contents": "</p>\n<h1 id=\"step-5-change-default-settings\">Step 5. Change default settings</h1>\n<p>Click &quot;Next&quot; to activate the following screen:\n<img src=\"thunderbird_62.png\" alt=\"thunderbird_62\">"
    }
  ,
    {
      "stack": "3-1-learn",
      "stack-index": "6",
      "stack-length": "17",
      "title": "Generate a key pair",
      "unit": "1-new-key",
      "images": [],
      "type": "card",
      "subtype": "learn",
      "category": [],
      "contents": "</p>\n<h1 id=\"step-6-create-a-key-to-sign-and-encrypt\">Step 6. Create a key to sign and Encrypt</h1>\n<p>Click &quot;Next&quot; to activate the <em>Create Key - Create A Key To Sign and Encrypt Email</em> window."
    }
  ,
    {
      "stack": "3-1-learn",
      "stack-index": "7",
      "stack-length": "17",
      "title": "Generate a key pair",
      "unit": "1-new-key",
      "images": [],
      "type": "card",
      "subtype": "learn",
      "category": [],
      "contents": "Note: The first time you attempt to create a key for an email account, the No OpenPGP Key Found screen will appear."
    }
  ,
    {
      "stack": "3-1-learn",
      "stack-index": "8",
      "stack-length": "17",
      "title": "Generate a key pair",
      "unit": "1-new-key",
      "images": [],
      "type": "card",
      "subtype": "learn",
      "category": [],
      "contents": "</p>\n<h1 id=\"step-7-create-a-new-key-pair\">Step 7. Create a new key pair</h1>\n<p>Select I want to create a new key pair for signing and encrypting my email."
    }
  ,
    {
      "stack": "3-1-learn",
      "stack-index": "9",
      "stack-length": "17",
      "title": "Generate a key pair",
      "unit": "1-new-key",
      "images": [],
      "type": "card",
      "subtype": "learn",
      "category": [],
      "contents": "</p>\n<h1 id=\"step-8-create-a-strong-password\">Step 8. Create a strong Password</h1>\n<p>Type a strong passphrase into both the Password fields. Refer to the <a href=\"topics/understand-4-digisec/2-passwords/1-1-intro.md\">Passwords</a> lesson to learn how to do so.\n<img src=\"thunderbird_65.png\" alt=\"thunderbird_65\">"
    }
  ,
    {
      "stack": "3-1-learn",
      "stack-index": "10",
      "stack-length": "17",
      "title": "Generate a key pair",
      "unit": "1-new-key",
      "images": [],
      "type": "card",
      "subtype": "learn",
      "category": [],
      "contents": "</p>\n<h1 id=\"step-9-activate-the-summary-screen\">Step 9. Activate the summary screen</h1>\n<p>Click &quot;Next&quot; to activate the Summary screen, which displays the settings used while generating the key pair."
    }
  ,
    {
      "stack": "3-1-learn",
      "stack-index": "11",
      "stack-length": "17",
      "title": "Generate a key pair",
      "unit": "1-new-key",
      "images": [],
      "type": "card",
      "subtype": "learn",
      "category": [],
      "contents": "</p>\n<h1 id=\"step-10-start-key-pair-generation\">Step 10. Start key pair generation</h1>\n<p>Click &quot;Next&quot; to start the key pair generation, as shown in the following screen:\n<img src=\"thunderbird_67.png\" alt=\"thunderbird_67\">"
    }
  ,
    {
      "stack": "3-1-learn",
      "stack-index": "12",
      "stack-length": "17",
      "title": "Generate a key pair",
      "unit": "1-new-key",
      "images": [],
      "type": "card",
      "subtype": "learn",
      "category": [],
      "contents": "</p>\n<p><strong>Note:</strong> Any key pair generated using Enigmail Setup Wizard is automatically has a 4096-bit size, and a lifespan of 5 years."
    }
  ,
    {
      "stack": "3-1-learn",
      "stack-index": "13",
      "stack-length": "17",
      "title": "Generate a key pair",
      "unit": "1-new-key",
      "images": [],
      "type": "card",
      "subtype": "learn",
      "category": [],
      "contents": "</p>\n<h1 id=\"step-11-create-revocation-certificate\">Step 11. Create revocation certificate</h1>\n<p>After the key is generated, you will be prompted to create a revocation certificate. Click &quot;Generate certificate&quot; as shown in the following screen:\n<img src=\"thunderbird_68.png\" alt=\"thunderbird_68\">"
    }
  ,
    {
      "stack": "3-1-learn",
      "stack-index": "14",
      "stack-length": "17",
      "title": "Generate a key pair",
      "unit": "1-new-key",
      "images": [],
      "type": "card",
      "subtype": "learn",
      "category": [],
      "contents": "</p>\n<p><strong>Note:</strong> If you know that a hostile or malicious party has gained unauthorised access to your private key or you lost access to this key, you may send the revocation certificate to your contact to let them know that they should not use your matching public key."
    }
  ,
    {
      "stack": "3-1-learn",
      "stack-index": "15",
      "stack-length": "17",
      "title": "Generate a key pair",
      "unit": "1-new-key",
      "images": [],
      "type": "card",
      "subtype": "learn",
      "category": [],
      "contents": "Keep in mind that you might need to do this if your computer is lost, stolen or confiscated. You are strongly advised to back up and protect your revocation certificate."
    }
  ,
    {
      "stack": "3-1-learn",
      "stack-index": "16",
      "stack-length": "17",
      "title": "Generate a key pair",
      "unit": "1-new-key",
      "images": [],
      "type": "card",
      "subtype": "learn",
      "category": [],
      "contents": "</p>\n<h1 id=\"step-12-save-your-revocation-certificate\">Step 12. Save your revocation certificate</h1>\n<p>You will be asked to type in the password that you associated with your newly created key. And then navigate to a location where you can store the certificate safely and click on following screen:\n<img src=\"thunderbird_70.png\" alt=\"thunderbird_70\">"
    }
  ,
    {
      "stack": "3-1-learn",
      "stack-index": "17",
      "stack-length": "17",
      "title": "Generate a key pair",
      "unit": "1-new-key",
      "images": [],
      "type": "card",
      "subtype": "learn",
      "category": [],
      "contents": "</p>\n<h1 id=\"step-13-complete-generation-of-key-pair-and-revocation-certificate\">Step 13. Complete generation of key pair and revocation certificate</h1>\n<p>Click &quot;Next&quot; to complete generating both a key pair and revocation certificate.</p>"
    }
  ,
    {
      "stack": "5-next",
      "stack-index": "1",
      "stack-length": "1",
      "title": "Next",
      "unit": "1-new-key",
      "images": [],
      "type": "card",
      "subtype": "next",
      "category": [],
      "contents": "<hr>\n<ul>\n<li>(en/topics/understand-4-digisec/4-secure-communications/1-1-intro.md):  Know how to securely communicate</li>\n<li>(en/topics/understand-4-digisec/1-encryption/1-1-intro.md): Learn about encryption basics</li>\n</ul>\n<hr>\n<p>See also:</p>\n<ul>\n<li>Tactical Technology Collective: <a href=\"https://securityinabox.org/en/guide/thunderbird/windows\">Thunderbirg, Enigmail, and OpenPGP for Windows</a></li>\n</ul>"
    }
  ]
}
  