{
  "slug": "tool-91-computer-hygiene_0-computer-hygiene",
  "type": "unit",
  "title": "Get started with computer hygiene",
  "parentTitle": "Computer Hygiene",
  "locale": "en",
  "categories": [],
  "updatedAt": "2017-10-01T12:52:36.054Z",
  "cards": [
    {
      "stack": "1-1-intro",
      "stack-index": "1",
      "stack-length": "1",
      "title": "Get started",
      "unit": "0-computer-hygiene",
      "images": [],
      "type": "card",
      "subtype": "intro",
      "category": [],
      "contents": "<p>Learn to use common computer hygiene practices.</p>"
    }
  ,
    {
      "stack": "1-2-takeaways",
      "stack-index": "1",
      "stack-length": "1",
      "title": "Learn how to",
      "unit": "0-computer-hygiene",
      "images": [],
      "type": "card",
      "subtype": "takeaways",
      "category": [],
      "contents": "<ul>\n<li><a href=\"topics/tool-91-computer-hygiene/0-computer-hygiene/3-1-learn.md\">Protect your computer against malware</a></li>\n<li><a href=\"topics/tool-91-computer-hygiene/0-computer-hygiene/3-2-learn.md\">Keeping your software up to date</a></li>\n<li><a href=\"topics/tool-91-computer-hygiene/0-computer-hygiene/3-3-learn.md\">Use open source software</a></li>\n<li><a href=\"topics/tool-91-computer-hygiene/0-computer-hygiene/3-4-learn.md\">Keep backups of information</a></li>\n</ul>"
    }
  ,
    {
      "stack": "3-1-learn",
      "stack-index": "1",
      "stack-length": "3",
      "title": "Protect your computer against malware",
      "unit": "0-computer-hygiene",
      "images": [],
      "type": "card",
      "subtype": "learn",
      "category": [],
      "contents": "<h1 id=\"importance-of-protection\">Importance of protection</h1>\n<p>You will be better able to successfully use some of the more complex digital technologies and tactics if your computer is well protected from malware."
    }
  ,
    {
      "stack": "3-1-learn",
      "stack-index": "2",
      "stack-length": "3",
      "title": "Protect your computer against malware",
      "unit": "0-computer-hygiene",
      "images": [],
      "type": "card",
      "subtype": "learn",
      "category": [],
      "contents": "</p>\n<h1 id=\"what-is-malware-\">What is malware?</h1>\n<p>Malware is the general name for any malicious and undesirable software that attacks your computer and prevents it from working correctly."
    }
  ,
    {
      "stack": "3-1-learn",
      "stack-index": "3",
      "stack-length": "3",
      "title": "Protect your computer against malware",
      "unit": "0-computer-hygiene",
      "images": [],
      "type": "card",
      "subtype": "learn",
      "category": [],
      "contents": "</p>\n<h1 id=\"see-also\">See also</h1>\n<p>To learn how to protect yourself from malware, refer to the <a href=\"topics/practice-1-emergencies/4-malware/1-1-intro.md\">Malware</a> and <a href=\"topics/tool-91-computer-hygiene/1-antivirus/1-1-intro.md\">anti-virus</a> lessons.</p>"
    }
  ,
    {
      "stack": "3-2-learn",
      "stack-index": "1",
      "stack-length": "7",
      "title": "Keep your software up to date",
      "unit": "0-computer-hygiene",
      "images": [],
      "type": "card",
      "subtype": "learn",
      "category": [],
      "contents": "<h1 id=\"limit-software-weakness-and-vulnerabilities\">Limit software weakness and vulnerabilities</h1>\n<p>Keeping your software up to date limits weaknesses in the software that can be exploited by malware."
    }
  ,
    {
      "stack": "3-2-learn",
      "stack-index": "2",
      "stack-length": "7",
      "title": "Keep your software up to date",
      "unit": "0-computer-hygiene",
      "images": [],
      "type": "card",
      "subtype": "learn",
      "category": [],
      "contents": "</p>\n<h1 id=\"update-your-operating-system\">Update your operating system</h1>\n<p>Always keep your operating system (Windows, Linux, Mac OS, etc) updated by downloading the latest updates from the respective websites."
    }
  ,
    {
      "stack": "3-2-learn",
      "stack-index": "3",
      "stack-length": "7",
      "title": "Keep your software up to date",
      "unit": "0-computer-hygiene",
      "images": [],
      "type": "card",
      "subtype": "learn",
      "category": [],
      "contents": "</p>\n<h1 id=\"sign-up-for-security-update-alerts\">Sign up for security update alerts</h1>\n<p>Application software (Word, Excel, LibreOffice), either bought or open source, should also be kept up to date. Set your software to send you alerts about security updates, if such an option is available, so that you can get them as soon as they are released."
    }
  ,
    {
      "stack": "3-2-learn",
      "stack-index": "4",
      "stack-length": "7",
      "title": "Keep your software up to date",
      "unit": "0-computer-hygiene",
      "images": [],
      "type": "card",
      "subtype": "learn",
      "category": [],
      "contents": "</p>\n<h1 id=\"automatic-updating\">Automatic updating</h1>\n<p>Most software on Windows will either update automatically or alert you to available updates, and point you to where you can download them. Windows operating system is set to auto-update by default."
    }
  ,
    {
      "stack": "3-2-learn",
      "stack-index": "5",
      "stack-length": "7",
      "title": "Keep your software up to date",
      "unit": "0-computer-hygiene",
      "images": [],
      "type": "card",
      "subtype": "learn",
      "category": [],
      "contents": "</p>\n<h1 id=\"turn-auto-updating-on\">Turn auto-updating on</h1>\n<p>If your settings are not set to auto-update (mobile-based GSM data providers often advise you to turn off automatic Windows updates to conserve your data bundles) you can turn this function on by going to your computer’s Start menu, selecting All Programs and clicking Windows Update."
    }
  ,
    {
      "stack": "3-2-learn",
      "stack-index": "6",
      "stack-length": "7",
      "title": "Keep your software up to date",
      "unit": "0-computer-hygiene",
      "images": [],
      "type": "card",
      "subtype": "learn",
      "category": [],
      "contents": "</p>\n<h1 id=\"inform-you-of-updates\">Inform you of updates</h1>\n<p>Alternatively, through the process above you can set Windows Update to inform you of available updates and let you decide whether to download them or not."
    }
  ,
    {
      "stack": "3-2-learn",
      "stack-index": "7",
      "stack-length": "7",
      "title": "Keep your software up to date",
      "unit": "0-computer-hygiene",
      "images": [],
      "type": "card",
      "subtype": "learn",
      "category": [],
      "contents": "</p>\n<h1 id=\"download-when-ready\">Download when ready</h1>\n<p>This way, you can download and install all your updates when you are in a place with a good and affordable internet connection (e.g. your office)</p>"
    }
  ,
    {
      "stack": "3-3-learn",
      "stack-index": "1",
      "stack-length": "5",
      "title": "Use open source software",
      "unit": "0-computer-hygiene",
      "images": [],
      "type": "card",
      "subtype": "learn",
      "category": [],
      "contents": "<h1 id=\"updating-software-is-constantly\">Updating software is constantly</h1>\n<p>For most small organisations, keeping your paid-for software up to date can be a challenge. Sometimes you have to buy new licences, or whole new software suites, which can be a drain on your budget."
    }
  ,
    {
      "stack": "3-3-learn",
      "stack-index": "2",
      "stack-length": "5",
      "title": "Use open source software",
      "unit": "0-computer-hygiene",
      "images": [],
      "type": "card",
      "subtype": "learn",
      "category": [],
      "contents": "</p>\n<h1 id=\"open-source-software-is-often-free\">Open source software is often free</h1>\n<p>Consider switching to free and open source software (FOSS) such as the office suite LibreOffice, and an open source operating system such as GNU/Linux-based Ubuntu."
    }
  ,
    {
      "stack": "3-3-learn",
      "stack-index": "3",
      "stack-length": "5",
      "title": "Use open source software",
      "unit": "0-computer-hygiene",
      "images": [],
      "type": "card",
      "subtype": "learn",
      "category": [],
      "contents": "</p>\n<h1 id=\"secure-open-source-alternatives\">Secure open source alternatives</h1>\n<p>Also consider using Mozilla Thunderbird as your email client and Firefox as your internet browser. As well as being free, FOSS software is also relatively more secure, as there are millions of volunteers looking at the source code and any one of them can spot bugs and fix them much quicker than engineers of proprietary software can."
    }
  ,
    {
      "stack": "3-3-learn",
      "stack-index": "4",
      "stack-length": "5",
      "title": "Use open source software",
      "unit": "0-computer-hygiene",
      "images": [],
      "type": "card",
      "subtype": "learn",
      "category": [],
      "contents": "</p>\n<h1 id=\"updated-regularly\">Updated regularly</h1>\n<p>Independent developers are also constantly developing digital security tools to add to FOSS software."
    }
  ,
    {
      "stack": "3-3-learn",
      "stack-index": "5",
      "stack-length": "5",
      "title": "Use open source software",
      "unit": "0-computer-hygiene",
      "images": [],
      "type": "card",
      "subtype": "learn",
      "category": [],
      "contents": "</p>\n<h1 id=\"recommended-free-and-open-source-software\">Recommended free and open source software</h1>\n<p>For a list of recommended free and open software, <a href=\"https://securityinabox.org/en/eco-rights-africa/malware#392\">refer to the list</a> Tactical Technology Collective has put together</p>"
    }
  ,
    {
      "stack": "3-4-learn",
      "stack-index": "1",
      "stack-length": "9",
      "title": "Keep backups of information",
      "unit": "0-computer-hygiene",
      "images": [],
      "type": "card",
      "subtype": "learn",
      "category": [],
      "contents": "<h1 id=\"protect-your-information\">Protect your information</h1>\n<p>Take measures to ensure that you recover your most important information in the unfortunate event that you lose a computer either through theft, system collapse, or confiscation/destruction by your adversaries."
    }
  ,
    {
      "stack": "3-4-learn",
      "stack-index": "2",
      "stack-length": "9",
      "title": "Keep backups of information",
      "unit": "0-computer-hygiene",
      "images": [],
      "type": "card",
      "subtype": "learn",
      "category": [],
      "contents": "</p>\n<h1 id=\"keep-in-different-locations\">Keep in different locations</h1>\n<p>Keeping a couple of backups in different locations is good practice, as long as these locations are secured."
    }
  ,
    {
      "stack": "3-4-learn",
      "stack-index": "3",
      "stack-length": "9",
      "title": "Keep backups of information",
      "unit": "0-computer-hygiene",
      "images": [],
      "type": "card",
      "subtype": "learn",
      "category": [],
      "contents": "</p>\n<h1 id=\"identify-important-information\">Identify important information</h1>\n<p>Identify your important information and organize it in one\nplace, such as a folder in your computer."
    }
  ,
    {
      "stack": "3-4-learn",
      "stack-index": "4",
      "stack-length": "9",
      "title": "Keep backups of information",
      "unit": "0-computer-hygiene",
      "images": [],
      "type": "card",
      "subtype": "learn",
      "category": [],
      "contents": "</p>\n<h1 id=\"choose-appropriate-storage-medium\">Choose appropriate storage medium</h1>\n<ul>\n<li>Select a backup storage medium that allows you to replace your backup document with its latest version.<h1 id=\"external-hard-drives\">External hard drives</h1>\nAn external hard disk drive (HDD), which connects to your computer via USB, has become the storage medium of choice for many."
    }
  ,
    {
      "stack": "3-4-learn",
      "stack-index": "5",
      "stack-length": "9",
      "title": "Keep backups of information",
      "unit": "0-computer-hygiene",
      "images": [],
      "type": "card",
      "subtype": "learn",
      "category": [],
      "contents": "<h1 id=\"use-several-external-hard-drives\">Use several external hard drives</h1>\nExternal HDDs can offer storage space of up to 6TB. It is, however, recommended that you store your backups on smaller HDDs, from 350MB to 1TB, which you can keep in separate locations."
    }
  ,
    {
      "stack": "3-4-learn",
      "stack-index": "6",
      "stack-length": "9",
      "title": "Keep backups of information",
      "unit": "0-computer-hygiene",
      "images": [],
      "type": "card",
      "subtype": "learn",
      "category": [],
      "contents": "<h1 id=\"keep-it-separate-from-your-computer\">Keep it separate from your computer</h1>\nKeep your backups in a separate location from your computer. This ensures that you do not lose both the files on your computer and your backup at the same time."
    }
  ,
    {
      "stack": "3-4-learn",
      "stack-index": "7",
      "stack-length": "9",
      "title": "Keep backups of information",
      "unit": "0-computer-hygiene",
      "images": [],
      "type": "card",
      "subtype": "learn",
      "category": [],
      "contents": "<h1 id=\"keep-in-several-different-locations\">Keep in several different locations</h1>\nKeeping a couple of backups in different locations is good practice, as long as these too are secured."
    }
  ,
    {
      "stack": "3-4-learn",
      "stack-index": "8",
      "stack-length": "9",
      "title": "Keep backups of information",
      "unit": "0-computer-hygiene",
      "images": [],
      "type": "card",
      "subtype": "learn",
      "category": [],
      "contents": "<h1 id=\"remotely-backup-information\">Remotely backup information</h1>\nYou can also store your backups on remote servers via the internet – on what is now known as the cloud. Ensure you choose a secure online storage service."
    }
  ,
    {
      "stack": "3-4-learn",
      "stack-index": "9",
      "stack-length": "9",
      "title": "Keep backups of information",
      "unit": "0-computer-hygiene",
      "images": [],
      "type": "card",
      "subtype": "learn",
      "category": [],
      "contents": "<h1 id=\"recommended-remote-backup-services\">Recommended remote backup services</h1>\nConsider secure services like <a href=\"https://tresorit.com\">Tresorit</a> and <a href=\"https://spideroak.com/\">SpiderOak</a>, which are both quite secure and reliable.</li>\n</ul>"
    }
  ,
    {
      "stack": "5-next",
      "stack-index": "1",
      "stack-length": "1",
      "title": "Next",
      "unit": "0-computer-hygiene",
      "images": [],
      "type": "card",
      "subtype": "next",
      "category": [],
      "contents": "<hr>\n<ul>\n<li>en/topics/understand-4-digisec/0-getting-started/1-1-intro.md: Getting started with digital security</li>\n<li>en/topics/practice-1-emergencies/3-seized-devices/1-1-intro.md: What to do if your device is seized</li>\n</ul>\n<hr>\n<p>See also:</p>\n<ul>\n<li>Tactical Technology Collective: <a href=\"https://securityinabox.org/en/eco-rights-africa/computer-hygiene\">Basic computer hygiene</a></li>\n</ul>"
    }
  ]
}
  