{
  "slug": "tool-51-enigmail_2-encrypt-decrypt",
  "type": "unit",
  "title": "Encrypt and decrypt messages using Enigmail",
  "parentTitle": "Encrypt Emails with Enigmail",
  "locale": "en",
  "categories": [],
  "updatedAt": "2017-10-01T10:22:58.963Z",
  "cards": [
    {
      "stack": "1-1-intro",
      "stack-index": "1",
      "stack-length": "1",
      "title": "Get started with Enigmail",
      "unit": "2-encrypt-decrypt",
      "images": [],
      "type": "card",
      "subtype": "intro",
      "category": [],
      "contents": "<p>Learn to encrypt and decrypt messages using Enigmail</p>"
    }
  ,
    {
      "stack": "1-2-takeaways",
      "stack-index": "1",
      "stack-length": "1",
      "title": "Learn how to",
      "unit": "2-encrypt-decrypt",
      "images": [],
      "type": "card",
      "subtype": "takeaways",
      "category": [],
      "contents": "<ul>\n<li><a href=\"topics/tool-3-enigmail/2-encrypt-decrypt/3-1-learn.md\">Encrypt a message</a></li>\n<li><a href=\"topics/tool-3-enigmail/2-encrypt-decrypt/3-2-learn.md\">Decrypt a message</a></li>\n</ul>"
    }
  ,
    {
      "stack": "3-1-learn",
      "stack-index": "1",
      "stack-length": "9",
      "title": "Encrypt a message",
      "unit": "2-encrypt-decrypt",
      "images": [],
      "type": "card",
      "subtype": "learn",
      "category": [],
      "contents": "<p>Once both you and your correspondent have successfully imported and validated and signed each other&#39;s public keys, you are ready to begin sending encrypted messages and decrypting received ones."
    }
  ,
    {
      "stack": "3-1-learn",
      "stack-index": "2",
      "stack-length": "9",
      "title": "Encrypt a message",
      "unit": "2-encrypt-decrypt",
      "images": [],
      "type": "card",
      "subtype": "learn",
      "category": [],
      "contents": "</p>\n<h1 id=\"step-1-open-thunderbird\">Step 1. Open Thunderbird</h1>\n<p>Open Thunderbird and click <img src=\"thunderbird_81.png\" alt=\"thunderbird_81\"> to write an email."
    }
  ,
    {
      "stack": "3-1-learn",
      "stack-index": "3",
      "stack-length": "9",
      "title": "Encrypt a message",
      "unit": "2-encrypt-decrypt",
      "images": [],
      "type": "card",
      "subtype": "learn",
      "category": [],
      "contents": "</p>\n<h1 id=\"step-2-turn-on-force-encryption\">Step 2. Turn on Force Encryption</h1>\n<p>To Encrypt the message click <em>Enigmail -&gt; Message will not be encrypted</em> and select <em>Force Encryption</em> as shown in the follow screen:\n<img src=\"thunderbird_84.png\" alt=\"thunderbird_84\">"
    }
  ,
    {
      "stack": "3-1-learn",
      "stack-index": "4",
      "stack-length": "9",
      "title": "Encrypt a message",
      "unit": "2-encrypt-decrypt",
      "images": [],
      "type": "card",
      "subtype": "learn",
      "category": [],
      "contents": "</p>\n<h1 id=\"step-3-turn-on-force-sign\">Step 3. Turn on Force Sign</h1>\n<p>To Sign the message click <em>Enigmail -&gt; Message will not be signed</em> and select <em>Force Sign</em>."
    }
  ,
    {
      "stack": "3-1-learn",
      "stack-index": "5",
      "stack-length": "9",
      "title": "Encrypt a message",
      "unit": "2-encrypt-decrypt",
      "images": [],
      "type": "card",
      "subtype": "learn",
      "category": [],
      "contents": "<strong>Note:</strong> To verify that your message will be both encrypted and signed, check that the following two icons appear highlighted at the bottom right corner of the message pane as follows:\n<img src=\"thunderbird_85.png\" alt=\"thunderbird_85\">"
    }
  ,
    {
      "stack": "3-1-learn",
      "stack-index": "6",
      "stack-length": "9",
      "title": "Encrypt a message",
      "unit": "2-encrypt-decrypt",
      "images": [],
      "type": "card",
      "subtype": "learn",
      "category": [],
      "contents": "</p>\n<h1 id=\"step-4-send-the-message\">Step 4. Send the message</h1>\n<p>Click <img src=\"thunderbird_83.png\" alt=\"thunderbird_83\"> to send the message. You may be prompted for password to use your private key to sign the message."
    }
  ,
    {
      "stack": "3-1-learn",
      "stack-index": "7",
      "stack-length": "9",
      "title": "Encrypt a message",
      "unit": "2-encrypt-decrypt",
      "images": [],
      "type": "card",
      "subtype": "learn",
      "category": [],
      "contents": "</p>\n<h1 id=\"step-5-optional-encrypt-attachments\">Step 5. (optional) Encrypt attachments</h1>\n<p>If you are attaching any file to your message, you may need to select the option Encrypt/sign message as a whole and send it using PGP/MIME and click OK button, in the following screen:\n<img src=\"thunderbird_86.png\" alt=\"thunderbird_86\">"
    }
  ,
    {
      "stack": "3-1-learn",
      "stack-index": "8",
      "stack-length": "9",
      "title": "Encrypt a message",
      "unit": "2-encrypt-decrypt",
      "images": [],
      "type": "card",
      "subtype": "learn",
      "category": [],
      "contents": "<strong>Note:</strong> When you encrypt each attachment separately, the names of the attached files are not encrypted and are being send in clear text! This may result in leaking sensitive information!"
    }
  ,
    {
      "stack": "3-1-learn",
      "stack-index": "9",
      "stack-length": "9",
      "title": "Encrypt a message",
      "unit": "2-encrypt-decrypt",
      "images": [],
      "type": "card",
      "subtype": "learn",
      "category": [],
      "contents": "</p>\n<p>Using PGP/MIME ensures that all email text, attached files and their names are encrypted and hidden. Refer to the <a href=\"topics/understand-4-digisec/3-metadata/1-1-intro.md\">metadata</a> lesson to learn more about these dangers</p>"
    }
  ,
    {
      "stack": "3-2-learn",
      "stack-index": "1",
      "stack-length": "1",
      "title": "Install and set up Enigmail",
      "unit": "2-encrypt-decrypt",
      "images": [],
      "type": "card",
      "subtype": "learn",
      "category": [],
      "contents": "<p>Refer to the <a href=\"https://securityinabox.org/en/guide/thunderbird/windows\">detailed guide</a> Tactical Technology Collective has put together for help setting up and starting to use Enigmail.</p>"
    }
  ,
    {
      "stack": "5-next",
      "stack-index": "1",
      "stack-length": "1",
      "title": "Next",
      "unit": "2-encrypt-decrypt",
      "images": [],
      "type": "card",
      "subtype": "next",
      "category": [],
      "contents": "<hr>\n<ul>\n<li>(en/topics/understand-4-digisec/4-secure-communications/1-1-intro.md):  Know how to securely communicate</li>\n<li>(en/topics/understand-4-digisec/1-encryption/1-1-intro.md): Learn about encryption basics</li>\n</ul>\n<hr>\n<p>Tactical Technology Collective: <a href=\"https://securityinabox.org/en/guide/thunderbird/windows\">Thunderbirg, Enigmail, and OpenPGP for Windows</a></p>"
    }
  ]
}
  